relative_path,filename,extension,subdirectory,size_bytes,modified_utc
docs/alternateModeInfrastructureComponentTerms-pattern.ttl,alternateModeInfrastructureComponentTerms-pattern.ttl,.ttl,.,6244,2026-07-01 19:52:47
docs/architectureCommunicationViewTerms-pattern.ttl,architectureCommunicationViewTerms-pattern.ttl,.ttl,.,5939,2026-09-21 17:30:49
docs/architectureEnterpriseViewTerms-pattern.ttl,architectureEnterpriseViewTerms-pattern.ttl,.ttl,.,5090,2026-07-10 15:28:58
docs/architectureFunctionalViewTerms-pattern.ttl,architectureFunctionalViewTerms-pattern.ttl,.ttl,.,2165,2026-07-01 19:52:47
docs/architecturePhysicalViewTerms-pattern.ttl,architecturePhysicalViewTerms-pattern.ttl,.ttl,.,5453,2026-07-01 19:52:47
docs/architectureTypeTerms-pattern.ttl,architectureTypeTerms-pattern.ttl,.ttl,.,4818,2026-07-01 19:52:47
docs/architectureViewTerms-pattern.ttl,architectureViewTerms-pattern.ttl,.ttl,.,6496,2026-07-01 19:52:47
docs/centrePhysicalObjectTerms-pattern.ttl,centrePhysicalObjectTerms-pattern.ttl,.ttl,.,3933,2026-07-01 19:52:47
docs/conceptRealizationTerms-pattern.ttl,conceptRealizationTerms-pattern.ttl,.ttl,.,4128,2026-07-01 19:52:47
docs/contractualModelTerms-pattern.ttl,contractualModelTerms-pattern.ttl,.ttl,.,3014,2026-07-01 19:52:47
docs/core.ttl,core.ttl,.ttl,.,2102,2026-07-01 19:52:47
docs/coreTerms-group.ttl,coreTerms-group.ttl,.ttl,.,1335,2026-07-01 19:52:47
docs/dataConceptManagementTerms-pattern.ttl,dataConceptManagementTerms-pattern.ttl,.ttl,.,3740,2026-07-01 19:52:47
docs/dataConceptTypeTerms-pattern.ttl,dataConceptTypeTerms-pattern.ttl,.ttl,.,4666,2026-07-01 19:52:47
docs/deviceComponentTerms-pattern.ttl,deviceComponentTerms-pattern.ttl,.ttl,.,1734,2026-07-01 19:52:47
docs/diagrams/ADS-dedicated vehicle.dot,ADS-dedicated vehicle.dot,.dot,diagrams,913,2026-09-21 20:45:33
docs/diagrams/ADS-dedicated vehicle.dot.png,ADS-dedicated vehicle.dot.png,.png,diagrams,6342,2026-09-21 20:45:33
docs/diagrams/ADS-dedicated vehicle.dot.svg,ADS-dedicated vehicle.dot.svg,.svg,diagrams,2025,2026-09-21 20:45:33
docs/diagrams/ADS-equipped vehicle.dot,ADS-equipped vehicle.dot,.dot,diagrams,1199,2026-09-21 20:45:34
docs/diagrams/ADS-equipped vehicle.dot.png,ADS-equipped vehicle.dot.png,.png,diagrams,9514,2026-09-21 20:45:34
docs/diagrams/ADS-equipped vehicle.dot.svg,ADS-equipped vehicle.dot.svg,.svg,diagrams,3058,2026-09-21 20:45:34
docs/diagrams/ADS.dot,ADS.dot,.dot,diagrams,1626,2026-09-21 20:45:33
docs/diagrams/ADS.dot.png,ADS.dot.png,.png,diagrams,18884,2026-09-21 20:45:33
docs/diagrams/ADS.dot.svg,ADS.dot.svg,.svg,diagrams,4356,2026-09-21 20:45:33
docs/diagrams/B2C mobility sharing app.dot,B2C mobility sharing app.dot,.dot,diagrams,889,2026-09-21 20:45:36
docs/diagrams/B2C mobility sharing app.dot.png,B2C mobility sharing app.dot.png,.png,diagrams,5932,2026-09-21 20:45:36
docs/diagrams/B2C mobility sharing app.dot.svg,B2C mobility sharing app.dot.svg,.svg,diagrams,1987,2026-09-21 20:45:36
docs/diagrams/DDT performance-relevant system failure.dot,DDT performance-relevant system failure.dot,.dot,diagrams,647,2026-09-21 20:45:41
docs/diagrams/DDT performance-relevant system failure.dot.png,DDT performance-relevant system failure.dot.png,.png,diagrams,4237,2026-09-21 20:45:41
docs/diagrams/DDT performance-relevant system failure.dot.svg,DDT performance-relevant system failure.dot.svg,.svg,diagrams,1145,2026-09-21 20:45:41
docs/diagrams/ISO named area.dot,ISO named area.dot,.dot,diagrams,572,2026-09-21 20:45:52
docs/diagrams/ISO named area.dot.png,ISO named area.dot.png,.png,diagrams,2389,2026-09-21 20:45:52
docs/diagrams/ISO named area.dot.svg,ISO named area.dot.svg,.svg,diagrams,1044,2026-09-21 20:45:52
docs/diagrams/ITS application role.dot,ITS application role.dot,.dot,diagrams,853,2026-09-21 20:45:52
docs/diagrams/ITS application role.dot.png,ITS application role.dot.png,.png,diagrams,5221,2026-09-21 20:45:52
docs/diagrams/ITS application role.dot.svg,ITS application role.dot.svg,.svg,diagrams,1861,2026-09-21 20:45:52
docs/diagrams/ITS application specification.dot,ITS application specification.dot,.dot,diagrams,1448,2026-09-21 20:45:52
docs/diagrams/ITS application specification.dot.png,ITS application specification.dot.png,.png,diagrams,16118,2026-09-21 20:45:52
docs/diagrams/ITS application specification.dot.svg,ITS application specification.dot.svg,.svg,diagrams,3467,2026-09-21 20:45:52
docs/diagrams/ITS application.dot,ITS application.dot,.dot,diagrams,1368,2026-09-21 20:45:52
docs/diagrams/ITS application.dot.png,ITS application.dot.png,.png,diagrams,15342,2026-09-21 20:45:52
docs/diagrams/ITS application.dot.svg,ITS application.dot.svg,.svg,diagrams,3413,2026-09-21 20:45:52
docs/diagrams/ITS component.dot,ITS component.dot,.dot,diagrams,1255,2026-09-21 20:45:52
docs/diagrams/ITS component.dot.png,ITS component.dot.png,.png,diagrams,10068,2026-09-21 20:45:52
docs/diagrams/ITS component.dot.svg,ITS component.dot.svg,.svg,diagrams,3084,2026-09-21 20:45:52
docs/diagrams/ITS deployment architecture.dot,ITS deployment architecture.dot,.dot,diagrams,945,2026-09-21 20:45:52
docs/diagrams/ITS deployment architecture.dot.png,ITS deployment architecture.dot.png,.png,diagrams,7496,2026-09-21 20:45:52
docs/diagrams/ITS deployment architecture.dot.svg,ITS deployment architecture.dot.svg,.svg,diagrams,2068,2026-09-21 20:45:52
docs/diagrams/ITS deployment.dot,ITS deployment.dot,.dot,diagrams,982,2026-09-21 20:45:52
docs/diagrams/ITS deployment.dot.png,ITS deployment.dot.png,.png,diagrams,8222,2026-09-21 20:45:52
docs/diagrams/ITS deployment.dot.svg,ITS deployment.dot.svg,.svg,diagrams,2222,2026-09-21 20:45:52
docs/diagrams/ITS implementation.dot,ITS implementation.dot,.dot,diagrams,982,2026-09-21 20:45:52
docs/diagrams/ITS implementation.dot.png,ITS implementation.dot.png,.png,diagrams,8076,2026-09-21 20:45:52
docs/diagrams/ITS implementation.dot.svg,ITS implementation.dot.svg,.svg,diagrams,2240,2026-09-21 20:45:52
docs/diagrams/ITS on-board equipment.dot,ITS on-board equipment.dot,.dot,diagrams,1307,2026-09-21 20:45:53
docs/diagrams/ITS on-board equipment.dot.png,ITS on-board equipment.dot.png,.png,diagrams,10911,2026-09-21 20:45:53
docs/diagrams/ITS on-board equipment.dot.svg,ITS on-board equipment.dot.svg,.svg,diagrams,3217,2026-09-21 20:45:53
docs/diagrams/ITS on-board unit.dot,ITS on-board unit.dot,.dot,diagrams,869,2026-09-21 20:45:53
docs/diagrams/ITS on-board unit.dot.png,ITS on-board unit.dot.png,.png,diagrams,4613,2026-09-21 20:45:53
docs/diagrams/ITS on-board unit.dot.svg,ITS on-board unit.dot.svg,.svg,diagrams,1969,2026-09-21 20:45:53
docs/diagrams/ITS planning architecture.dot,ITS planning architecture.dot,.dot,diagrams,929,2026-09-21 20:45:53
docs/diagrams/ITS planning architecture.dot.png,ITS planning architecture.dot.png,.png,diagrams,6347,2026-09-21 20:45:53
docs/diagrams/ITS planning architecture.dot.svg,ITS planning architecture.dot.svg,.svg,diagrams,2042,2026-09-21 20:45:53
docs/diagrams/ITS reference architecture.dot,ITS reference architecture.dot,.dot,diagrams,937,2026-09-21 20:45:53
docs/diagrams/ITS reference architecture.dot.png,ITS reference architecture.dot.png,.png,diagrams,5504,2026-09-21 20:45:53
docs/diagrams/ITS reference architecture.dot.svg,ITS reference architecture.dot.svg,.svg,diagrams,2057,2026-09-21 20:45:53
docs/diagrams/ITS roadside equipment.dot,ITS roadside equipment.dot,.dot,diagrams,881,2026-09-21 20:45:53
docs/diagrams/ITS roadside equipment.dot.png,ITS roadside equipment.dot.png,.png,diagrams,6037,2026-09-21 20:45:53
docs/diagrams/ITS roadside equipment.dot.svg,ITS roadside equipment.dot.svg,.svg,diagrams,1969,2026-09-21 20:45:53
docs/diagrams/ITS service provider.dot,ITS service provider.dot,.dot,diagrams,1269,2026-09-21 20:45:53
docs/diagrams/ITS service provider.dot.png,ITS service provider.dot.png,.png,diagrams,10573,2026-09-21 20:45:53
docs/diagrams/ITS service provider.dot.svg,ITS service provider.dot.svg,.svg,diagrams,3092,2026-09-21 20:45:53
docs/diagrams/ITS service.dot,ITS service.dot,.dot,diagrams,1493,2026-09-21 20:45:53
docs/diagrams/ITS service.dot.png,ITS service.dot.png,.png,diagrams,12987,2026-09-21 20:45:53
docs/diagrams/ITS service.dot.svg,ITS service.dot.svg,.svg,diagrams,4028,2026-09-21 20:45:53
docs/diagrams/ITS station.dot,ITS station.dot,.dot,diagrams,1741,2026-09-21 20:45:53
docs/diagrams/ITS station.dot.png,ITS station.dot.png,.png,diagrams,19917,2026-09-21 20:45:54
docs/diagrams/ITS station.dot.svg,ITS station.dot.svg,.svg,diagrams,4474,2026-09-21 20:45:53
docs/diagrams/ITS trust domain.dot,ITS trust domain.dot,.dot,diagrams,925,2026-09-21 20:45:54
docs/diagrams/ITS trust domain.dot.png,ITS trust domain.dot.png,.png,diagrams,6023,2026-09-21 20:45:54
docs/diagrams/ITS trust domain.dot.svg,ITS trust domain.dot.svg,.svg,diagrams,1987,2026-09-21 20:45:54
docs/diagrams/ITS user need.dot,ITS user need.dot,.dot,diagrams,1194,2026-09-21 20:45:54
docs/diagrams/ITS user need.dot.png,ITS user need.dot.png,.png,diagrams,8057,2026-09-21 20:45:54
docs/diagrams/ITS user need.dot.svg,ITS user need.dot.svg,.svg,diagrams,2996,2026-09-21 20:45:54
docs/diagrams/ITS user.dot,ITS user.dot,.dot,diagrams,1209,2026-09-21 20:45:54
docs/diagrams/ITS user.dot.png,ITS user.dot.png,.png,diagrams,8238,2026-09-21 20:45:54
docs/diagrams/ITS user.dot.svg,ITS user.dot.svg,.svg,diagrams,3028,2026-09-21 20:45:54
docs/diagrams/ITS-S access layer.dot,ITS-S access layer.dot,.dot,diagrams,865,2026-09-21 20:45:54
docs/diagrams/ITS-S access layer.dot.png,ITS-S access layer.dot.png,.png,diagrams,4671,2026-09-21 20:45:54
docs/diagrams/ITS-S access layer.dot.svg,ITS-S access layer.dot.svg,.svg,diagrams,1969,2026-09-21 20:45:54
docs/diagrams/ITS-S application implementation.dot,ITS-S application implementation.dot,.dot,diagrams,1075,2026-09-21 20:45:54
docs/diagrams/ITS-S application implementation.dot.png,ITS-S application implementation.dot.png,.png,diagrams,8527,2026-09-21 20:45:54
docs/diagrams/ITS-S application implementation.dot.svg,ITS-S application implementation.dot.svg,.svg,diagrams,2388,2026-09-21 20:45:54
docs/diagrams/ITS-S application installation.dot,ITS-S application installation.dot,.dot,diagrams,1017,2026-09-21 20:45:54
docs/diagrams/ITS-S application installation.dot.png,ITS-S application installation.dot.png,.png,diagrams,6092,2026-09-21 20:45:54
docs/diagrams/ITS-S application installation.dot.svg,ITS-S application installation.dot.svg,.svg,diagrams,2164,2026-09-21 20:45:54
docs/diagrams/ITS-S application process installation.dot,ITS-S application process installation.dot,.dot,diagrams,1140,2026-09-21 20:45:55
docs/diagrams/ITS-S application process installation.dot.png,ITS-S application process installation.dot.png,.png,diagrams,9245,2026-09-21 20:45:55
docs/diagrams/ITS-S application process installation.dot.svg,ITS-S application process installation.dot.svg,.svg,diagrams,2469,2026-09-21 20:45:55
docs/diagrams/ITS-S application process.dot,ITS-S application process.dot,.dot,diagrams,1387,2026-09-21 20:45:54
docs/diagrams/ITS-S application process.dot.png,ITS-S application process.dot.png,.png,diagrams,16638,2026-09-21 20:45:55
docs/diagrams/ITS-S application process.dot.svg,ITS-S application process.dot.svg,.svg,diagrams,3470,2026-09-21 20:45:54
docs/diagrams/ITS-S application.dot,ITS-S application.dot,.dot,diagrams,1326,2026-09-21 20:45:54
docs/diagrams/ITS-S application.dot.png,ITS-S application.dot.png,.png,diagrams,11236,2026-09-21 20:45:54
docs/diagrams/ITS-S application.dot.svg,ITS-S application.dot.svg,.svg,diagrams,3222,2026-09-21 20:45:54
docs/diagrams/ITS-S communication unit.dot,ITS-S communication unit.dot,.dot,diagrams,1020,2026-09-21 20:45:55
docs/diagrams/ITS-S communication unit.dot.png,ITS-S communication unit.dot.png,.png,diagrams,8427,2026-09-21 20:45:55
docs/diagrams/ITS-S communication unit.dot.svg,ITS-S communication unit.dot.svg,.svg,diagrams,2282,2026-09-21 20:45:55
docs/diagrams/ITS-S host.dot,ITS-S host.dot,.dot,diagrams,829,2026-09-21 20:45:55
docs/diagrams/ITS-S host.dot.png,ITS-S host.dot.png,.png,diagrams,3841,2026-09-21 20:45:55
docs/diagrams/ITS-S host.dot.svg,ITS-S host.dot.svg,.svg,diagrams,1926,2026-09-21 20:45:55
docs/diagrams/ITS-S node.dot,ITS-S node.dot,.dot,diagrams,1240,2026-09-21 20:45:55
docs/diagrams/ITS-S node.dot.png,ITS-S node.dot.png,.png,diagrams,12929,2026-09-21 20:45:55
docs/diagrams/ITS-S node.dot.svg,ITS-S node.dot.svg,.svg,diagrams,3156,2026-09-21 20:45:55
docs/diagrams/ITS-S reference architecture.dot,ITS-S reference architecture.dot,.dot,diagrams,3276,2026-09-21 20:45:55
docs/diagrams/ITS-S reference architecture.dot.png,ITS-S reference architecture.dot.png,.png,diagrams,50080,2026-09-21 20:45:55
docs/diagrams/ITS-S reference architecture.dot.svg,ITS-S reference architecture.dot.svg,.svg,diagrams,9201,2026-09-21 20:45:55
docs/diagrams/ITS-S router.dot,ITS-S router.dot,.dot,diagrams,837,2026-09-21 20:45:55
docs/diagrams/ITS-S router.dot.png,ITS-S router.dot.png,.png,diagrams,3847,2026-09-21 20:45:55
docs/diagrams/ITS-S router.dot.svg,ITS-S router.dot.svg,.svg,diagrams,1936,2026-09-21 20:45:55
docs/diagrams/ITS-S service.dot,ITS-S service.dot,.dot,diagrams,827,2026-09-21 20:45:55
docs/diagrams/ITS-S service.dot.png,ITS-S service.dot.png,.png,diagrams,3790,2026-09-21 20:45:55
docs/diagrams/ITS-S service.dot.svg,ITS-S service.dot.svg,.svg,diagrams,1882,2026-09-21 20:45:55
docs/diagrams/ITS-S unit.dot,ITS-S unit.dot,.dot,diagrams,1339,2026-09-21 20:45:56
docs/diagrams/ITS-S unit.dot.png,ITS-S unit.dot.png,.png,diagrams,14717,2026-09-21 20:45:56
docs/diagrams/ITS-S unit.dot.svg,ITS-S unit.dot.svg,.svg,diagrams,3428,2026-09-21 20:45:56
docs/diagrams/ITS-SU service provider.dot,ITS-SU service provider.dot,.dot,diagrams,1647,2026-09-21 20:45:56
docs/diagrams/ITS-SU service provider.dot.png,ITS-SU service provider.dot.png,.png,diagrams,16176,2026-09-21 20:45:56
docs/diagrams/ITS-SU service provider.dot.svg,ITS-SU service provider.dot.svg,.svg,diagrams,4342,2026-09-21 20:45:56
docs/diagrams/ITS-SU service.dot,ITS-SU service.dot,.dot,diagrams,1561,2026-09-21 20:45:56
docs/diagrams/ITS-SU service.dot.png,ITS-SU service.dot.png,.png,diagrams,14246,2026-09-21 20:45:56
docs/diagrams/ITS-SU service.dot.svg,ITS-SU service.dot.svg,.svg,diagrams,4192,2026-09-21 20:45:56
docs/diagrams/ITS-SU user need.dot,ITS-SU user need.dot,.dot,diagrams,1324,2026-09-21 20:45:56
docs/diagrams/ITS-SU user need.dot.png,ITS-SU user need.dot.png,.png,diagrams,11382,2026-09-21 20:45:56
docs/diagrams/ITS-SU user need.dot.svg,ITS-SU user need.dot.svg,.svg,diagrams,3193,2026-09-21 20:45:56
docs/diagrams/ITS-SU user.dot,ITS-SU user.dot,.dot,diagrams,1192,2026-09-21 20:45:56
docs/diagrams/ITS-SU user.dot.png,ITS-SU user.dot.png,.png,diagrams,7510,2026-09-21 20:45:56
docs/diagrams/ITS-SU user.dot.svg,ITS-SU user.dot.svg,.svg,diagrams,3002,2026-09-21 20:45:56
docs/diagrams/Jersey barrier.dot,Jersey barrier.dot,.dot,diagrams,903,2026-09-21 20:45:56
docs/diagrams/Jersey barrier.dot.png,Jersey barrier.dot.png,.png,diagrams,5114,2026-09-21 20:45:56
docs/diagrams/Jersey barrier.dot.svg,Jersey barrier.dot.svg,.svg,diagrams,1989,2026-09-21 20:45:56
docs/diagrams/P2P mobility sharing app.dot,P2P mobility sharing app.dot,.dot,diagrams,889,2026-09-21 20:46:05
docs/diagrams/P2P mobility sharing app.dot.png,P2P mobility sharing app.dot.png,.png,diagrams,6156,2026-09-21 20:46:05
docs/diagrams/P2P mobility sharing app.dot.svg,P2P mobility sharing app.dot.svg,.svg,diagrams,1987,2026-09-21 20:46:05
docs/diagrams/access layer.dot,access layer.dot,.dot,diagrams,566,2026-09-21 20:45:33
docs/diagrams/access layer.dot.png,access layer.dot.png,.png,diagrams,2183,2026-09-21 20:45:33
docs/diagrams/access layer.dot.svg,access layer.dot.svg,.svg,diagrams,1052,2026-09-21 20:45:33
docs/diagrams/actuator.dot,actuator.dot,.dot,diagrams,960,2026-09-21 20:45:33
docs/diagrams/actuator.dot.png,actuator.dot.png,.png,diagrams,8260,2026-09-21 20:45:33
docs/diagrams/actuator.dot.svg,actuator.dot.svg,.svg,diagrams,2281,2026-09-21 20:45:33
docs/diagrams/agent.dot,agent.dot,.dot,diagrams,584,2026-01-08 14:01:46
docs/diagrams/agent.dot.png,agent.dot.png,.png,diagrams,1628,2026-01-08 14:01:47
docs/diagrams/agent.dot.svg,agent.dot.svg,.svg,diagrams,1126,2026-01-08 14:01:46
docs/diagrams/alley.dot,alley.dot,.dot,diagrams,801,2026-09-21 20:45:34
docs/diagrams/alley.dot.png,alley.dot.png,.png,diagrams,2862,2026-09-21 20:45:34
docs/diagrams/alley.dot.svg,alley.dot.svg,.svg,diagrams,1898,2026-09-21 20:45:34
docs/diagrams/anonymized vehicle reference.dot,anonymized vehicle reference.dot,.dot,diagrams,1006,2026-09-21 20:45:34
docs/diagrams/anonymized vehicle reference.dot.png,anonymized vehicle reference.dot.png,.png,diagrams,8061,2026-09-21 20:45:34
docs/diagrams/anonymized vehicle reference.dot.svg,anonymized vehicle reference.dot.svg,.svg,diagrams,2250,2026-09-21 20:45:34
docs/diagrams/application entity.dot,application entity.dot,.dot,diagrams,584,2026-09-21 20:45:34
docs/diagrams/application entity.dot.png,application entity.dot.png,.png,diagrams,2392,2026-09-21 20:45:34
docs/diagrams/application entity.dot.svg,application entity.dot.svg,.svg,diagrams,1052,2026-09-21 20:45:34
docs/diagrams/application template.dot,application template.dot,.dot,diagrams,1070,2026-09-21 20:45:34
docs/diagrams/application template.dot.png,application template.dot.png,.png,diagrams,9337,2026-09-21 20:45:34
docs/diagrams/application template.dot.svg,application template.dot.svg,.svg,diagrams,2359,2026-09-21 20:45:34
docs/diagrams/architecture description.dot,architecture description.dot,.dot,diagrams,2785,2026-09-21 20:45:34
docs/diagrams/architecture description.dot.png,architecture description.dot.png,.png,diagrams,49097,2026-09-21 20:45:34
docs/diagrams/architecture description.dot.svg,architecture description.dot.svg,.svg,diagrams,8036,2026-09-21 20:45:34
docs/diagrams/architecture framework.dot,architecture framework.dot,.dot,diagrams,1079,2026-09-21 20:45:35
docs/diagrams/architecture framework.dot.png,architecture framework.dot.png,.png,diagrams,10373,2026-09-21 20:45:35
docs/diagrams/architecture framework.dot.svg,architecture framework.dot.svg,.svg,diagrams,2354,2026-09-21 20:45:35
docs/diagrams/architecture model.dot,architecture model.dot,.dot,diagrams,584,2026-09-21 20:45:35
docs/diagrams/architecture model.dot.png,architecture model.dot.png,.png,diagrams,2481,2026-09-21 20:45:35
docs/diagrams/architecture model.dot.svg,architecture model.dot.svg,.svg,diagrams,1074,2026-09-21 20:45:35
docs/diagrams/architecture view.dot,architecture view.dot,.dot,diagrams,992,2026-09-21 20:45:35
docs/diagrams/architecture view.dot.png,architecture view.dot.png,.png,diagrams,8196,2026-09-21 20:45:35
docs/diagrams/architecture view.dot.svg,architecture view.dot.svg,.svg,diagrams,2231,2026-09-21 20:45:35
docs/diagrams/architecture viewpoint.dot,architecture viewpoint.dot,.dot,diagrams,1670,2026-09-21 20:45:35
docs/diagrams/architecture viewpoint.dot.png,architecture viewpoint.dot.png,.png,diagrams,21341,2026-09-21 20:45:35
docs/diagrams/architecture viewpoint.dot.svg,architecture viewpoint.dot.svg,.svg,diagrams,4410,2026-09-21 20:45:35
docs/diagrams/architecture.dot,architecture.dot,.dot,diagrams,938,2026-09-21 20:45:34
docs/diagrams/architecture.dot.png,architecture.dot.png,.png,diagrams,5699,2026-09-21 20:45:34
docs/diagrams/architecture.dot.svg,architecture.dot.svg,.svg,diagrams,2236,2026-09-21 20:45:34
docs/diagrams/area destination.dot,area destination.dot,.dot,diagrams,861,2026-09-21 20:45:35
docs/diagrams/area destination.dot.png,area destination.dot.png,.png,diagrams,4735,2026-09-21 20:45:35
docs/diagrams/area destination.dot.svg,area destination.dot.svg,.svg,diagrams,1935,2026-09-21 20:45:35
docs/diagrams/area location.dot,area location.dot,.dot,diagrams,861,2026-09-21 20:45:35
docs/diagrams/area location.dot.png,area location.dot.png,.png,diagrams,4663,2026-09-21 20:45:35
docs/diagrams/area location.dot.svg,area location.dot.svg,.svg,diagrams,1941,2026-09-21 20:45:35
docs/diagrams/authentication.dot,authentication.dot,.dot,diagrams,601,2026-09-21 20:45:35
docs/diagrams/authentication.dot.png,authentication.dot.png,.png,diagrams,2090,2026-09-21 20:45:35
docs/diagrams/authentication.dot.svg,authentication.dot.svg,.svg,diagrams,1140,2026-09-21 20:45:35
docs/diagrams/authenticator.dot,authenticator.dot,.dot,diagrams,597,2026-09-21 20:45:35
docs/diagrams/authenticator.dot.png,authenticator.dot.png,.png,diagrams,2145,2026-09-21 20:45:35
docs/diagrams/authenticator.dot.svg,authenticator.dot.svg,.svg,diagrams,1136,2026-09-21 20:45:35
docs/diagrams/bikesharing service.dot,bikesharing service.dot,.dot,diagrams,907,2026-09-21 20:45:36
docs/diagrams/bikesharing service.dot.png,bikesharing service.dot.png,.png,diagrams,5453,2026-09-21 20:45:36
docs/diagrams/bikesharing service.dot.svg,bikesharing service.dot.svg,.svg,diagrams,2011,2026-09-21 20:45:36
docs/diagrams/biological entity.dot,biological entity.dot,.dot,diagrams,873,2026-09-21 20:45:36
docs/diagrams/biological entity.dot.png,biological entity.dot.png,.png,diagrams,5170,2026-09-21 20:45:36
docs/diagrams/biological entity.dot.svg,biological entity.dot.svg,.svg,diagrams,1948,2026-09-21 20:45:36
docs/diagrams/block-face.dot,block-face.dot,.dot,diagrams,1354,2026-09-21 20:45:36
docs/diagrams/block-face.dot.png,block-face.dot.png,.png,diagrams,14170,2026-09-21 20:45:36
docs/diagrams/block-face.dot.svg,block-face.dot.svg,.svg,diagrams,3824,2026-09-21 20:45:36
docs/diagrams/bounded secured managed domain.dot,bounded secured managed domain.dot,.dot,diagrams,1296,2026-09-21 20:45:36
docs/diagrams/bounded secured managed domain.dot.png,bounded secured managed domain.dot.png,.png,diagrams,9075,2026-09-21 20:45:36
docs/diagrams/bounded secured managed domain.dot.svg,bounded secured managed domain.dot.svg,.svg,diagrams,3112,2026-09-21 20:45:36
docs/diagrams/bridge.dot,bridge.dot,.dot,diagrams,860,2026-09-21 20:45:36
docs/diagrams/bridge.dot.png,bridge.dot.png,.png,diagrams,4375,2026-09-21 20:45:36
docs/diagrams/bridge.dot.svg,bridge.dot.svg,.svg,diagrams,2009,2026-09-21 20:45:36
docs/diagrams/built-in vehicle input device.dot,built-in vehicle input device.dot,.dot,diagrams,939,2026-09-21 20:45:36
docs/diagrams/built-in vehicle input device.dot.png,built-in vehicle input device.dot.png,.png,diagrams,5722,2026-09-21 20:45:36
docs/diagrams/built-in vehicle input device.dot.svg,built-in vehicle input device.dot.svg,.svg,diagrams,2069,2026-09-21 20:45:36
docs/diagrams/campus.dot,campus.dot,.dot,diagrams,864,2026-09-21 20:45:36
docs/diagrams/campus.dot.png,campus.dot.png,.png,diagrams,4997,2026-09-21 20:45:37
docs/diagrams/campus.dot.svg,campus.dot.svg,.svg,diagrams,2015,2026-09-21 20:45:36
docs/diagrams/carriageway.dot,carriageway.dot,.dot,diagrams,1674,2026-09-21 20:45:37
docs/diagrams/carriageway.dot.png,carriageway.dot.png,.png,diagrams,14802,2026-09-21 20:45:37
docs/diagrams/carriageway.dot.svg,carriageway.dot.svg,.svg,diagrams,3979,2026-09-21 20:45:37
docs/diagrams/carsharing service.dot,carsharing service.dot,.dot,diagrams,903,2026-09-21 20:45:37
docs/diagrams/carsharing service.dot.png,carsharing service.dot.png,.png,diagrams,5161,2026-09-21 20:45:37
docs/diagrams/carsharing service.dot.svg,carsharing service.dot.svg,.svg,diagrams,2013,2026-09-21 20:45:37
docs/diagrams/central reservation.dot,central reservation.dot,.dot,diagrams,923,2026-09-21 20:45:37
docs/diagrams/central reservation.dot.png,central reservation.dot.png,.png,diagrams,6055,2026-09-21 20:45:37
docs/diagrams/central reservation.dot.svg,central reservation.dot.svg,.svg,diagrams,2014,2026-09-21 20:45:37
docs/diagrams/central system.dot,central system.dot,.dot,diagrams,853,2026-09-21 20:45:37
docs/diagrams/central system.dot.png,central system.dot.png,.png,diagrams,4819,2026-09-21 20:45:37
docs/diagrams/central system.dot.svg,central system.dot.svg,.svg,diagrams,1900,2026-09-21 20:45:37
docs/diagrams/class.dot,class.dot,.dot,diagrams,831,2026-09-21 20:45:37
docs/diagrams/class.dot.png,class.dot.png,.png,diagrams,3826,2026-09-21 20:45:37
docs/diagrams/class.dot.svg,class.dot.svg,.svg,diagrams,1959,2026-09-21 20:45:37
docs/diagrams/commercial.dot,commercial.dot,.dot,diagrams,868,2026-09-21 20:45:37
docs/diagrams/commercial.dot.png,commercial.dot.png,.png,diagrams,4634,2026-09-21 20:45:37
docs/diagrams/commercial.dot.svg,commercial.dot.svg,.svg,diagrams,1988,2026-09-21 20:45:37
docs/diagrams/communications view.dot,communications view.dot,.dot,diagrams,1355,2026-09-21 20:45:37
docs/diagrams/communications view.dot.png,communications view.dot.png,.png,diagrams,12528,2026-09-21 20:45:37
docs/diagrams/communications view.dot.svg,communications view.dot.svg,.svg,diagrams,3240,2026-09-21 20:45:37
docs/diagrams/communications viewpoint.dot,communications viewpoint.dot,.dot,diagrams,1356,2026-09-21 20:45:37
docs/diagrams/communications viewpoint.dot.png,communications viewpoint.dot.png,.png,diagrams,13483,2026-09-21 20:45:38
docs/diagrams/communications viewpoint.dot.svg,communications viewpoint.dot.svg,.svg,diagrams,3248,2026-09-21 20:45:37
docs/diagrams/concern.dot,concern.dot,.dot,diagrams,573,2026-09-21 20:45:38
docs/diagrams/concern.dot.png,concern.dot.png,.png,diagrams,1478,2026-09-21 20:45:38
docs/diagrams/concern.dot.svg,concern.dot.svg,.svg,diagrams,1141,2026-09-21 20:45:38
docs/diagrams/concurrent.dot,concurrent.dot,.dot,diagrams,876,2026-09-21 20:45:38
docs/diagrams/concurrent.dot.png,concurrent.dot.png,.png,diagrams,4635,2026-09-21 20:45:38
docs/diagrams/concurrent.dot.svg,concurrent.dot.svg,.svg,diagrams,1997,2026-09-21 20:45:38
docs/diagrams/connected unit.dot,connected unit.dot,.dot,diagrams,927,2026-09-21 20:45:38
docs/diagrams/connected unit.dot.png,connected unit.dot.png,.png,diagrams,5804,2026-09-21 20:45:38
docs/diagrams/connected unit.dot.svg,connected unit.dot.svg,.svg,diagrams,2115,2026-09-21 20:45:38
docs/diagrams/connected vehicle roadside equipment.dot,connected vehicle roadside equipment.dot,.dot,diagrams,1291,2026-09-21 20:45:38
docs/diagrams/connected vehicle roadside equipment.dot.png,connected vehicle roadside equipment.dot.png,.png,diagrams,10438,2026-09-21 20:45:38
docs/diagrams/connected vehicle roadside equipment.dot.svg,connected vehicle roadside equipment.dot.svg,.svg,diagrams,2755,2026-09-21 20:45:38
docs/diagrams/connected vehicle.dot,connected vehicle.dot,.dot,diagrams,1204,2026-09-21 20:45:38
docs/diagrams/connected vehicle.dot.png,connected vehicle.dot.png,.png,diagrams,7245,2026-09-21 20:45:38
docs/diagrams/connected vehicle.dot.svg,connected vehicle.dot.svg,.svg,diagrams,3031,2026-09-21 20:45:38
docs/diagrams/connected.dot,connected.dot,.dot,diagrams,964,2026-09-21 20:45:38
docs/diagrams/connected.dot.png,connected.dot.png,.png,diagrams,6491,2026-09-21 20:45:38
docs/diagrams/connected.dot.svg,connected.dot.svg,.svg,diagrams,2268,2026-09-21 20:45:38
docs/diagrams/contractual model.dot,contractual model.dot,.dot,diagrams,581,2026-09-21 20:45:38
docs/diagrams/contractual model.dot.png,contractual model.dot.png,.png,diagrams,2388,2026-09-21 20:45:38
docs/diagrams/contractual model.dot.svg,contractual model.dot.svg,.svg,diagrams,1063,2026-09-21 20:45:38
docs/diagrams/control.dot,control.dot,.dot,diagrams,573,2026-09-21 20:45:39
docs/diagrams/control.dot.png,control.dot.png,.png,diagrams,1368,2026-09-21 20:45:39
docs/diagrams/control.dot.svg,control.dot.svg,.svg,diagrams,1108,2026-09-21 20:45:39
docs/diagrams/conventional vehicle.dot,conventional vehicle.dot,.dot,diagrams,855,2026-09-21 20:45:39
docs/diagrams/conventional vehicle.dot.png,conventional vehicle.dot.png,.png,diagrams,4319,2026-09-21 20:45:39
docs/diagrams/conventional vehicle.dot.svg,conventional vehicle.dot.svg,.svg,diagrams,1933,2026-09-21 20:45:39
docs/diagrams/cooperative ITS credentials management system.dot,cooperative ITS credentials management system.dot,.dot,diagrams,981,2026-09-21 20:45:39
docs/diagrams/cooperative ITS credentials management system.dot.png,cooperative ITS credentials management system.dot.png,.png,diagrams,7753,2026-09-21 20:45:39
docs/diagrams/cooperative ITS credentials management system.dot.svg,cooperative ITS credentials management system.dot.svg,.svg,diagrams,2108,2026-09-21 20:45:39
docs/diagrams/cooperative ITS.dot,cooperative ITS.dot,.dot,diagrams,915,2026-09-21 20:45:39
docs/diagrams/cooperative ITS.dot.png,cooperative ITS.dot.png,.png,diagrams,6487,2026-09-21 20:45:39
docs/diagrams/cooperative ITS.dot.svg,cooperative ITS.dot.svg,.svg,diagrams,2034,2026-09-21 20:45:39
docs/diagrams/cooperative.dot,cooperative.dot,.dot,diagrams,873,2026-09-21 20:45:39
docs/diagrams/cooperative.dot.png,cooperative.dot.png,.png,diagrams,5071,2026-09-21 20:45:39
docs/diagrams/cooperative.dot.svg,cooperative.dot.svg,.svg,diagrams,1994,2026-09-21 20:45:39
docs/diagrams/coordinate tuple.dot,coordinate tuple.dot,.dot,diagrams,967,2026-09-21 20:45:39
docs/diagrams/coordinate tuple.dot.png,coordinate tuple.dot.png,.png,diagrams,7829,2026-09-21 20:45:39
docs/diagrams/coordinate tuple.dot.svg,coordinate tuple.dot.svg,.svg,diagrams,2213,2026-09-21 20:45:39
docs/diagrams/corporate customer model.dot,corporate customer model.dot,.dot,diagrams,909,2026-09-21 20:45:39
docs/diagrams/corporate customer model.dot.png,corporate customer model.dot.png,.png,diagrams,5499,2026-09-21 20:45:39
docs/diagrams/corporate customer model.dot.svg,corporate customer model.dot.svg,.svg,diagrams,1981,2026-09-21 20:45:39
docs/diagrams/courier network service.dot,courier network service.dot,.dot,diagrams,1106,2026-09-21 20:45:39
docs/diagrams/courier network service.dot.png,courier network service.dot.png,.png,diagrams,11860,2026-09-21 20:45:40
docs/diagrams/courier network service.dot.svg,courier network service.dot.svg,.svg,diagrams,2449,2026-09-21 20:45:39
docs/diagrams/cross-section.dot,cross-section.dot,.dot,diagrams,991,2026-09-21 20:45:40
docs/diagrams/cross-section.dot.png,cross-section.dot.png,.png,diagrams,7706,2026-09-21 20:45:40
docs/diagrams/cross-section.dot.svg,cross-section.dot.svg,.svg,diagrams,2317,2026-09-21 20:45:40
docs/diagrams/cryptography.dot,cryptography.dot,.dot,diagrams,593,2026-09-21 20:45:40
docs/diagrams/cryptography.dot.png,cryptography.dot.png,.png,diagrams,2460,2026-09-21 20:45:40
docs/diagrams/cryptography.dot.svg,cryptography.dot.svg,.svg,diagrams,1132,2026-09-21 20:45:40
docs/diagrams/cycle lane.dot,cycle lane.dot,.dot,diagrams,803,2026-09-21 20:45:40
docs/diagrams/cycle lane.dot.png,cycle lane.dot.png,.png,diagrams,3123,2026-09-21 20:45:40
docs/diagrams/cycle lane.dot.svg,cycle lane.dot.svg,.svg,diagrams,1829,2026-09-21 20:45:40
docs/diagrams/cycleway.dot,cycleway.dot,.dot,diagrams,925,2026-09-21 20:45:40
docs/diagrams/cycleway.dot.png,cycleway.dot.png,.png,diagrams,6168,2026-09-21 20:45:40
docs/diagrams/cycleway.dot.svg,cycleway.dot.svg,.svg,diagrams,2202,2026-09-21 20:45:40
docs/diagrams/data concept registry.dot,data concept registry.dot,.dot,diagrams,889,2026-09-21 20:45:40
docs/diagrams/data concept registry.dot.png,data concept registry.dot.png,.png,diagrams,5670,2026-09-21 20:45:40
docs/diagrams/data concept registry.dot.svg,data concept registry.dot.svg,.svg,diagrams,1986,2026-09-21 20:45:40
docs/diagrams/data concept.dot,data concept.dot,.dot,diagrams,1264,2026-09-21 20:45:40
docs/diagrams/data concept.dot.png,data concept.dot.png,.png,diagrams,13090,2026-09-21 20:45:40
docs/diagrams/data concept.dot.svg,data concept.dot.svg,.svg,diagrams,3245,2026-09-21 20:45:40
docs/diagrams/data dictionary.dot,data dictionary.dot,.dot,diagrams,575,2026-09-21 20:45:40
docs/diagrams/data dictionary.dot.png,data dictionary.dot.png,.png,diagrams,2217,2026-09-21 20:45:40
docs/diagrams/data dictionary.dot.svg,data dictionary.dot.svg,.svg,diagrams,1043,2026-09-21 20:45:40
docs/diagrams/data element.dot,data element.dot,.dot,diagrams,1545,2026-09-21 20:45:40
docs/diagrams/data element.dot.png,data element.dot.png,.png,diagrams,18286,2026-09-21 20:45:41
docs/diagrams/data element.dot.svg,data element.dot.svg,.svg,diagrams,4280,2026-09-21 20:45:40
docs/diagrams/data flow.dot,data flow.dot,.dot,diagrams,557,2026-09-21 20:45:41
docs/diagrams/data flow.dot.png,data flow.dot.png,.png,diagrams,1816,2026-09-21 20:45:41
docs/diagrams/data flow.dot.svg,data flow.dot.svg,.svg,diagrams,1025,2026-09-21 20:45:41
docs/diagrams/data frame.dot,data frame.dot,.dot,diagrams,833,2026-09-21 20:45:41
docs/diagrams/data frame.dot.png,data frame.dot.png,.png,diagrams,4281,2026-09-21 20:45:41
docs/diagrams/data frame.dot.svg,data frame.dot.svg,.svg,diagrams,1881,2026-09-21 20:45:41
docs/diagrams/data privacy.dot,data privacy.dot,.dot,diagrams,566,2026-09-21 20:45:41
docs/diagrams/data privacy.dot.png,data privacy.dot.png,.png,diagrams,2189,2026-09-21 20:45:41
docs/diagrams/data privacy.dot.svg,data privacy.dot.svg,.svg,diagrams,1048,2026-09-21 20:45:41
docs/diagrams/deployment architecture.dot,deployment architecture.dot,.dot,diagrams,887,2026-09-21 20:45:41
docs/diagrams/deployment architecture.dot.png,deployment architecture.dot.png,.png,diagrams,5748,2026-09-21 20:45:41
docs/diagrams/deployment architecture.dot.svg,deployment architecture.dot.svg,.svg,diagrams,1978,2026-09-21 20:45:41
docs/diagrams/design speed.dot,design speed.dot,.dot,diagrams,931,2026-09-21 20:45:41
docs/diagrams/design speed.dot.png,design speed.dot.png,.png,diagrams,8758,2026-09-21 20:45:41
docs/diagrams/design speed.dot.svg,design speed.dot.svg,.svg,diagrams,2146,2026-09-21 20:45:41
docs/diagrams/design.dot,design.dot,.dot,diagrams,569,2026-09-21 20:45:41
docs/diagrams/design.dot.png,design.dot.png,.png,diagrams,1753,2026-09-21 20:45:41
docs/diagrams/design.dot.svg,design.dot.svg,.svg,diagrams,1104,2026-09-21 20:45:41
docs/diagrams/designated parking space.dot,designated parking space.dot,.dot,diagrams,893,2026-09-21 20:45:41
docs/diagrams/designated parking space.dot.png,designated parking space.dot.png,.png,diagrams,6331,2026-09-21 20:45:42
docs/diagrams/designated parking space.dot.svg,designated parking space.dot.svg,.svg,diagrams,1993,2026-09-21 20:45:41
docs/diagrams/digital signature.dot,digital signature.dot,.dot,diagrams,581,2026-09-21 20:45:42
docs/diagrams/digital signature.dot.png,digital signature.dot.png,.png,diagrams,2653,2026-09-21 20:45:42
docs/diagrams/digital signature.dot.svg,digital signature.dot.svg,.svg,diagrams,1067,2026-09-21 20:45:42
docs/diagrams/disconnected.dot,disconnected.dot,.dot,diagrams,856,2026-09-21 20:45:42
docs/diagrams/disconnected.dot.png,disconnected.dot.png,.png,diagrams,4310,2026-09-21 20:45:42
docs/diagrams/disconnected.dot.svg,disconnected.dot.svg,.svg,diagrams,2001,2026-09-21 20:45:42
docs/diagrams/document.dot,document.dot,.dot,diagrams,832,2026-09-21 20:45:42
docs/diagrams/document.dot.png,document.dot.png,.png,diagrams,3861,2026-09-21 20:45:42
docs/diagrams/document.dot.svg,document.dot.svg,.svg,diagrams,1933,2026-09-21 20:45:42
docs/diagrams/driver support system.dot,driver support system.dot,.dot,diagrams,1359,2026-09-21 20:45:42
docs/diagrams/driver support system.dot.png,driver support system.dot.png,.png,diagrams,13516,2026-09-21 20:45:42
docs/diagrams/driver support system.dot.svg,driver support system.dot.svg,.svg,diagrams,3257,2026-09-21 20:45:42
docs/diagrams/driver.dot,driver.dot,.dot,diagrams,891,2026-09-21 20:45:42
docs/diagrams/driver.dot.png,driver.dot.png,.png,diagrams,4853,2026-09-21 20:45:42
docs/diagrams/driver.dot.svg,driver.dot.svg,.svg,diagrams,2127,2026-09-21 20:45:42
docs/diagrams/driving automation system.dot,driving automation system.dot,.dot,diagrams,1052,2026-09-21 20:45:42
docs/diagrams/driving automation system.dot.png,driving automation system.dot.png,.png,diagrams,10580,2026-09-21 20:45:42
docs/diagrams/driving automation system.dot.svg,driving automation system.dot.svg,.svg,diagrams,2306,2026-09-21 20:45:42
docs/diagrams/driving space.dot,driving space.dot,.dot,diagrams,1238,2026-09-21 20:45:42
docs/diagrams/driving space.dot.png,driving space.dot.png,.png,diagrams,13939,2026-09-21 20:45:42
docs/diagrams/driving space.dot.svg,driving space.dot.svg,.svg,diagrams,3212,2026-09-21 20:45:42
docs/diagrams/dual carriageway.dot,dual carriageway.dot,.dot,diagrams,1647,2026-09-21 20:45:43
docs/diagrams/dual carriageway.dot.png,dual carriageway.dot.png,.png,diagrams,19734,2026-09-21 20:45:43
docs/diagrams/dual carriageway.dot.svg,dual carriageway.dot.svg,.svg,diagrams,4464,2026-09-21 20:45:43
docs/diagrams/dual-mode vehicle.dot,dual-mode vehicle.dot,.dot,diagrams,897,2026-09-21 20:45:43
docs/diagrams/dual-mode vehicle.dot.png,dual-mode vehicle.dot.png,.png,diagrams,5777,2026-09-21 20:45:43
docs/diagrams/dual-mode vehicle.dot.svg,dual-mode vehicle.dot.svg,.svg,diagrams,2036,2026-09-21 20:45:43
docs/diagrams/duration.dot,duration.dot,.dot,diagrams,983,2026-09-21 20:45:43
docs/diagrams/duration.dot.png,duration.dot.png,.png,diagrams,7277,2026-09-21 20:45:43
docs/diagrams/duration.dot.svg,duration.dot.svg,.svg,diagrams,2673,2026-09-21 20:45:43
docs/diagrams/dynamic driving task.dot,dynamic driving task.dot,.dot,diagrams,967,2026-09-21 20:45:43
docs/diagrams/dynamic driving task.dot.png,dynamic driving task.dot.png,.png,diagrams,9112,2026-09-21 20:45:43
docs/diagrams/dynamic driving task.dot.svg,dynamic driving task.dot.svg,.svg,diagrams,2214,2026-09-21 20:45:43
docs/diagrams/dynamic route.dot,dynamic route.dot,.dot,diagrams,839,2026-09-21 20:45:43
docs/diagrams/dynamic route.dot.png,dynamic route.dot.png,.png,diagrams,4457,2026-09-21 20:45:43
docs/diagrams/dynamic route.dot.svg,dynamic route.dot.svg,.svg,diagrams,1885,2026-09-21 20:45:43
docs/diagrams/dynamic spatial reference.dot,dynamic spatial reference.dot,.dot,diagrams,913,2026-09-21 20:45:43
docs/diagrams/dynamic spatial reference.dot.png,dynamic spatial reference.dot.png,.png,diagrams,5479,2026-09-21 20:45:43
docs/diagrams/dynamic spatial reference.dot.svg,dynamic spatial reference.dot.svg,.svg,diagrams,1993,2026-09-21 20:45:43
docs/diagrams/egress lane.dot,egress lane.dot,.dot,diagrams,913,2026-09-21 20:45:43
docs/diagrams/egress lane.dot.png,egress lane.dot.png,.png,diagrams,5638,2026-09-21 20:45:43
docs/diagrams/egress lane.dot.svg,egress lane.dot.svg,.svg,diagrams,2146,2026-09-21 20:45:43
docs/diagrams/egress link.dot,egress link.dot,.dot,diagrams,927,2026-09-21 20:45:43
docs/diagrams/egress link.dot.png,egress link.dot.png,.png,diagrams,6060,2026-09-21 20:45:43
docs/diagrams/egress link.dot.svg,egress link.dot.svg,.svg,diagrams,2145,2026-09-21 20:45:43
docs/diagrams/element.dot,element.dot,.dot,diagrams,573,2026-09-21 20:45:44
docs/diagrams/element.dot.png,element.dot.png,.png,diagrams,1270,2026-09-21 20:45:44
docs/diagrams/element.dot.svg,element.dot.svg,.svg,diagrams,1141,2026-09-21 20:45:44
docs/diagrams/emergency management central system.dot,emergency management central system.dot,.dot,diagrams,941,2026-09-21 20:45:44
docs/diagrams/emergency management central system.dot.png,emergency management central system.dot.png,.png,diagrams,6361,2026-09-21 20:45:44
docs/diagrams/emergency management central system.dot.svg,emergency management central system.dot.svg,.svg,diagrams,2039,2026-09-21 20:45:44
docs/diagrams/enterprise object.dot,enterprise object.dot,.dot,diagrams,581,2026-09-21 20:45:44
docs/diagrams/enterprise object.dot.png,enterprise object.dot.png,.png,diagrams,2474,2026-09-21 20:45:44
docs/diagrams/enterprise object.dot.svg,enterprise object.dot.svg,.svg,diagrams,1063,2026-09-21 20:45:44
docs/diagrams/enterprise view.dot,enterprise view.dot,.dot,diagrams,2954,2026-09-21 20:45:44
docs/diagrams/enterprise view.dot.png,enterprise view.dot.png,.png,diagrams,48742,2026-09-21 20:45:44
docs/diagrams/enterprise view.dot.svg,enterprise view.dot.svg,.svg,diagrams,8616,2026-09-21 20:45:44
docs/diagrams/enterprise viewpoint.dot,enterprise viewpoint.dot,.dot,diagrams,1312,2026-09-21 20:45:44
docs/diagrams/enterprise viewpoint.dot.png,enterprise viewpoint.dot.png,.png,diagrams,10258,2026-09-21 20:45:44
docs/diagrams/enterprise viewpoint.dot.svg,enterprise viewpoint.dot.svg,.svg,diagrams,3185,2026-09-21 20:45:44
docs/diagrams/entity.dot,entity.dot,.dot,diagrams,569,2026-09-21 20:45:44
docs/diagrams/entity.dot.png,entity.dot.png,.png,diagrams,1354,2026-09-21 20:45:44
docs/diagrams/entity.dot.svg,entity.dot.svg,.svg,diagrams,1144,2026-09-21 20:45:44
docs/diagrams/environment.dot,environment.dot,.dot,diagrams,589,2026-09-21 20:45:44
docs/diagrams/environment.dot.png,environment.dot.png,.png,diagrams,1767,2026-09-21 20:45:44
docs/diagrams/environment.dot.svg,environment.dot.svg,.svg,diagrams,1124,2026-09-21 20:45:44
docs/diagrams/escalator.dot,escalator.dot,.dot,diagrams,837,2026-09-21 20:45:44
docs/diagrams/escalator.dot.png,escalator.dot.png,.png,diagrams,3800,2026-09-21 20:45:44
docs/diagrams/escalator.dot.svg,escalator.dot.svg,.svg,diagrams,1965,2026-09-21 20:45:44
docs/diagrams/extend.dot,extend.dot,.dot,diagrams,838,2026-09-21 20:45:45
docs/diagrams/extend.dot.png,extend.dot.png,.png,diagrams,3950,2026-09-21 20:45:45
docs/diagrams/extend.dot.svg,extend.dot.svg,.svg,diagrams,1981,2026-09-21 20:45:45
docs/diagrams/facilities layer.dot,facilities layer.dot,.dot,diagrams,578,2026-09-21 20:45:45
docs/diagrams/facilities layer.dot.png,facilities layer.dot.png,.png,diagrams,2443,2026-09-21 20:45:45
docs/diagrams/facilities layer.dot.svg,facilities layer.dot.svg,.svg,diagrams,1064,2026-09-21 20:45:45
docs/diagrams/fallback-ready user.dot,fallback-ready user.dot,.dot,diagrams,1015,2026-09-21 20:45:45
docs/diagrams/fallback-ready user.dot.png,fallback-ready user.dot.png,.png,diagrams,9721,2026-09-21 20:45:45
docs/diagrams/fallback-ready user.dot.svg,fallback-ready user.dot.svg,.svg,diagrams,2299,2026-09-21 20:45:45
docs/diagrams/fallback.dot,fallback.dot,.dot,diagrams,1519,2026-09-21 20:45:45
docs/diagrams/fallback.dot.png,fallback.dot.png,.png,diagrams,21373,2026-09-21 20:45:45
docs/diagrams/fallback.dot.svg,fallback.dot.svg,.svg,diagrams,3709,2026-09-21 20:45:45
docs/diagrams/field support equipment.dot,field support equipment.dot,.dot,diagrams,885,2026-09-21 20:45:45
docs/diagrams/field support equipment.dot.png,field support equipment.dot.png,.png,diagrams,4982,2026-09-21 20:45:45
docs/diagrams/field support equipment.dot.svg,field support equipment.dot.svg,.svg,diagrams,1974,2026-09-21 20:45:45
docs/diagrams/field system.dot,field system.dot,.dot,diagrams,845,2026-09-21 20:45:45
docs/diagrams/field system.dot.png,field system.dot.png,.png,diagrams,4486,2026-09-21 20:45:45
docs/diagrams/field system.dot.svg,field system.dot.svg,.svg,diagrams,1861,2026-09-21 20:45:45
docs/diagrams/financial model.dot,financial model.dot,.dot,diagrams,575,2026-09-21 20:45:45
docs/diagrams/financial model.dot.png,financial model.dot.png,.png,diagrams,2202,2026-09-21 20:45:45
docs/diagrams/financial model.dot.svg,financial model.dot.svg,.svg,diagrams,1047,2026-09-21 20:45:45
docs/diagrams/fixed route.dot,fixed route.dot,.dot,diagrams,831,2026-09-21 20:45:45
docs/diagrams/fixed route.dot.png,fixed route.dot.png,.png,diagrams,3816,2026-09-21 20:45:45
docs/diagrams/fixed route.dot.svg,fixed route.dot.svg,.svg,diagrams,1899,2026-09-21 20:45:45
docs/diagrams/fleet and freight management central system.dot,fleet and freight management central system.dot,.dot,diagrams,973,2026-09-21 20:45:46
docs/diagrams/fleet and freight management central system.dot.png,fleet and freight management central system.dot.png,.png,diagrams,6343,2026-09-21 20:45:46
docs/diagrams/fleet and freight management central system.dot.svg,fleet and freight management central system.dot.svg,.svg,diagrams,2066,2026-09-21 20:45:46
docs/diagrams/footpath.dot,footpath.dot,.dot,diagrams,577,2026-09-21 20:45:46
docs/diagrams/footpath.dot.png,footpath.dot.png,.png,diagrams,1674,2026-09-21 20:45:46
docs/diagrams/footpath.dot.svg,footpath.dot.svg,.svg,diagrams,1145,2026-09-21 20:45:46
docs/diagrams/formal coordination.dot,formal coordination.dot,.dot,diagrams,867,2026-09-21 20:45:46
docs/diagrams/formal coordination.dot.png,formal coordination.dot.png,.png,diagrams,4292,2026-09-21 20:45:46
docs/diagrams/formal coordination.dot.svg,formal coordination.dot.svg,.svg,diagrams,1920,2026-09-21 20:45:46
docs/diagrams/fractional ownership.dot,fractional ownership.dot,.dot,diagrams,871,2026-09-21 20:45:46
docs/diagrams/fractional ownership.dot.png,fractional ownership.dot.png,.png,diagrams,5898,2026-09-21 20:45:46
docs/diagrams/fractional ownership.dot.svg,fractional ownership.dot.svg,.svg,diagrams,1954,2026-09-21 20:45:46
docs/diagrams/free-floating.dot,free-floating.dot,.dot,diagrams,879,2026-09-21 20:45:46
docs/diagrams/free-floating.dot.png,free-floating.dot.png,.png,diagrams,4475,2026-09-21 20:45:46
docs/diagrams/free-floating.dot.svg,free-floating.dot.svg,.svg,diagrams,1991,2026-09-21 20:45:46
docs/diagrams/function.dot,function.dot,.dot,diagrams,577,2026-09-21 20:45:46
docs/diagrams/function.dot.png,function.dot.png,.png,diagrams,1525,2026-09-21 20:45:46
docs/diagrams/function.dot.svg,function.dot.svg,.svg,diagrams,1112,2026-09-21 20:45:46
docs/diagrams/functional object.dot,functional object.dot,.dot,diagrams,1202,2026-09-21 20:45:46
docs/diagrams/functional object.dot.png,functional object.dot.png,.png,diagrams,9308,2026-09-21 20:45:46
docs/diagrams/functional object.dot.svg,functional object.dot.svg,.svg,diagrams,2988,2026-09-21 20:45:46
docs/diagrams/functional view.dot,functional view.dot,.dot,diagrams,2276,2026-09-21 20:45:46
docs/diagrams/functional view.dot.png,functional view.dot.png,.png,diagrams,29864,2026-09-21 20:45:47
docs/diagrams/functional view.dot.svg,functional view.dot.svg,.svg,diagrams,6380,2026-09-21 20:45:46
docs/diagrams/functional viewpoint.dot,functional viewpoint.dot,.dot,diagrams,1312,2026-09-21 20:45:47
docs/diagrams/functional viewpoint.dot.png,functional viewpoint.dot.png,.png,diagrams,12084,2026-09-21 20:45:47
docs/diagrams/functional viewpoint.dot.svg,functional viewpoint.dot.svg,.svg,diagrams,3189,2026-09-21 20:45:47
docs/diagrams/gazetteer.dot,gazetteer.dot,.dot,diagrams,967,2026-09-21 20:45:47
docs/diagrams/gazetteer.dot.png,gazetteer.dot.png,.png,diagrams,6447,2026-09-21 20:45:47
docs/diagrams/gazetteer.dot.svg,gazetteer.dot.svg,.svg,diagrams,2287,2026-09-21 20:45:47
docs/diagrams/geographic descriptor.dot,geographic descriptor.dot,.dot,diagrams,1006,2026-09-21 20:45:47
docs/diagrams/geographic descriptor.dot.png,geographic descriptor.dot.png,.png,diagrams,8918,2026-09-21 20:45:47
docs/diagrams/geographic descriptor.dot.svg,geographic descriptor.dot.svg,.svg,diagrams,2269,2026-09-21 20:45:47
docs/diagrams/geographic feature.dot,geographic feature.dot,.dot,diagrams,584,2026-09-21 20:45:47
docs/diagrams/geographic feature.dot.png,geographic feature.dot.png,.png,diagrams,3018,2026-09-21 20:45:47
docs/diagrams/geographic feature.dot.svg,geographic feature.dot.svg,.svg,diagrams,1074,2026-09-21 20:45:47
docs/diagrams/geographic identifier.dot,geographic identifier.dot,.dot,diagrams,1014,2026-09-21 20:45:47
docs/diagrams/geographic identifier.dot.png,geographic identifier.dot.png,.png,diagrams,9243,2026-09-21 20:45:47
docs/diagrams/geographic identifier.dot.svg,geographic identifier.dot.svg,.svg,diagrams,2283,2026-09-21 20:45:47
docs/diagrams/geographic point location.dot,geographic point location.dot,.dot,diagrams,901,2026-09-21 20:45:47
docs/diagrams/geographic point location.dot.png,geographic point location.dot.png,.png,diagrams,4915,2026-09-21 20:45:47
docs/diagrams/geographic point location.dot.svg,geographic point location.dot.svg,.svg,diagrams,1997,2026-09-21 20:45:47
docs/diagrams/government customer model.dot,government customer model.dot,.dot,diagrams,913,2026-09-21 20:45:47
docs/diagrams/government customer model.dot.png,government customer model.dot.png,.png,diagrams,6222,2026-09-21 20:45:47
docs/diagrams/government customer model.dot.svg,government customer model.dot.svg,.svg,diagrams,2022,2026-09-21 20:45:47
docs/diagrams/governmental area.dot,governmental area.dot,.dot,diagrams,889,2026-09-21 20:45:47
docs/diagrams/governmental area.dot.png,governmental area.dot.png,.png,diagrams,5697,2026-09-21 20:45:48
docs/diagrams/governmental area.dot.svg,governmental area.dot.svg,.svg,diagrams,1987,2026-09-21 20:45:47
docs/diagrams/grade separated manoeuvre.dot,grade separated manoeuvre.dot,.dot,diagrams,933,2026-09-21 20:45:48
docs/diagrams/grade separated manoeuvre.dot.png,grade separated manoeuvre.dot.png,.png,diagrams,6195,2026-09-21 20:45:48
docs/diagrams/grade separated manoeuvre.dot.svg,grade separated manoeuvre.dot.svg,.svg,diagrams,2016,2026-09-21 20:45:48
docs/diagrams/gross vehicle mass rating.dot,gross vehicle mass rating.dot,.dot,diagrams,994,2026-09-21 20:45:48
docs/diagrams/gross vehicle mass rating.dot.png,gross vehicle mass rating.dot.png,.png,diagrams,9569,2026-09-21 20:45:48
docs/diagrams/gross vehicle mass rating.dot.svg,gross vehicle mass rating.dot.svg,.svg,diagrams,2232,2026-09-21 20:45:48
docs/diagrams/gross vehicle mass.dot,gross vehicle mass.dot,.dot,diagrams,952,2026-09-21 20:45:48
docs/diagrams/gross vehicle mass.dot.png,gross vehicle mass.dot.png,.png,diagrams,7712,2026-09-21 20:45:48
docs/diagrams/gross vehicle mass.dot.svg,gross vehicle mass.dot.svg,.svg,diagrams,2178,2026-09-21 20:45:48
docs/diagrams/hard shoulder for emergency use.dot,hard shoulder for emergency use.dot,.dot,diagrams,1044,2026-09-21 20:45:48
docs/diagrams/hard shoulder for emergency use.dot.png,hard shoulder for emergency use.dot.png,.png,diagrams,10438,2026-09-21 20:45:48
docs/diagrams/hard shoulder for emergency use.dot.svg,hard shoulder for emergency use.dot.svg,.svg,diagrams,2319,2026-09-21 20:45:48
docs/diagrams/hard shoulder running.dot,hard shoulder running.dot,.dot,diagrams,994,2026-09-21 20:45:48
docs/diagrams/hard shoulder running.dot.png,hard shoulder running.dot.png,.png,diagrams,8171,2026-09-21 20:45:48
docs/diagrams/hard shoulder running.dot.svg,hard shoulder running.dot.svg,.svg,diagrams,2232,2026-09-21 20:45:48
docs/diagrams/hard shoulder.dot,hard shoulder.dot,.dot,diagrams,831,2026-09-21 20:45:48
docs/diagrams/hard shoulder.dot.png,hard shoulder.dot.png,.png,diagrams,4498,2026-09-21 20:45:48
docs/diagrams/hard shoulder.dot.svg,hard shoulder.dot.svg,.svg,diagrams,1881,2026-09-21 20:45:48
docs/diagrams/hardstanding.dot,hardstanding.dot,.dot,diagrams,593,2026-09-21 20:45:48
docs/diagrams/hardstanding.dot.png,hardstanding.dot.png,.png,diagrams,2332,2026-09-21 20:45:48
docs/diagrams/hardstanding.dot.svg,hardstanding.dot.svg,.svg,diagrams,1146,2026-09-21 20:45:48
docs/diagrams/high vehicle speed.dot,high vehicle speed.dot,.dot,diagrams,839,2026-09-21 20:45:49
docs/diagrams/high vehicle speed.dot.png,high vehicle speed.dot.png,.png,diagrams,4257,2026-09-21 20:45:49
docs/diagrams/high vehicle speed.dot.svg,high vehicle speed.dot.svg,.svg,diagrams,1911,2026-09-21 20:45:49
docs/diagrams/high-speed vehicle.dot,high-speed vehicle.dot,.dot,diagrams,847,2026-09-21 20:45:49
docs/diagrams/high-speed vehicle.dot.png,high-speed vehicle.dot.png,.png,diagrams,4626,2026-09-21 20:45:49
docs/diagrams/high-speed vehicle.dot.svg,high-speed vehicle.dot.svg,.svg,diagrams,1940,2026-09-21 20:45:49
docs/diagrams/immaterial entity.dot,immaterial entity.dot,.dot,diagrams,839,2026-09-21 20:45:49
docs/diagrams/immaterial entity.dot.png,immaterial entity.dot.png,.png,diagrams,3480,2026-09-21 20:45:49
docs/diagrams/immaterial entity.dot.svg,immaterial entity.dot.svg,.svg,diagrams,1884,2026-09-21 20:45:49
docs/diagrams/implementation.dot,implementation.dot,.dot,diagrams,601,2026-09-21 20:45:49
docs/diagrams/implementation.dot.png,implementation.dot.png,.png,diagrams,2224,2026-09-21 20:45:49
docs/diagrams/implementation.dot.svg,implementation.dot.svg,.svg,diagrams,1154,2026-09-21 20:45:49
docs/diagrams/in-vehicle driver.dot,in-vehicle driver.dot,.dot,diagrams,1299,2026-09-21 20:45:49
docs/diagrams/in-vehicle driver.dot.png,in-vehicle driver.dot.png,.png,diagrams,9262,2026-09-21 20:45:49
docs/diagrams/in-vehicle driver.dot.svg,in-vehicle driver.dot.svg,.svg,diagrams,3188,2026-09-21 20:45:49
docs/diagrams/include.dot,include.dot,.dot,diagrams,843,2026-09-21 20:45:49
docs/diagrams/include.dot.png,include.dot.png,.png,diagrams,3992,2026-09-21 20:45:49
docs/diagrams/include.dot.svg,include.dot.svg,.svg,diagrams,1987,2026-09-21 20:45:49
docs/diagrams/informal coordination.dot,informal coordination.dot,.dot,diagrams,875,2026-09-21 20:45:49
docs/diagrams/informal coordination.dot.png,informal coordination.dot.png,.png,diagrams,4848,2026-09-21 20:45:49
docs/diagrams/informal coordination.dot.svg,informal coordination.dot.svg,.svg,diagrams,1966,2026-09-21 20:45:49
docs/diagrams/information flow.dot,information flow.dot,.dot,diagrams,578,2026-09-21 20:45:49
docs/diagrams/information flow.dot.png,information flow.dot.png,.png,diagrams,2052,2026-09-21 20:45:50
docs/diagrams/information flow.dot.svg,information flow.dot.svg,.svg,diagrams,1046,2026-09-21 20:45:49
docs/diagrams/information security event.dot,information security event.dot,.dot,diagrams,608,2026-09-21 20:45:50
docs/diagrams/information security event.dot.png,information security event.dot.png,.png,diagrams,3415,2026-09-21 20:45:50
docs/diagrams/information security event.dot.svg,information security event.dot.svg,.svg,diagrams,1098,2026-09-21 20:45:50
docs/diagrams/information security incident.dot,information security incident.dot,.dot,diagrams,617,2026-09-21 20:45:50
docs/diagrams/information security incident.dot.png,information security incident.dot.png,.png,diagrams,3211,2026-09-21 20:45:50
docs/diagrams/information security incident.dot.svg,information security incident.dot.svg,.svg,diagrams,1103,2026-09-21 20:45:50
docs/diagrams/information transfer.dot,information transfer.dot,.dot,diagrams,1453,2026-09-21 20:45:50
docs/diagrams/information transfer.dot.png,information transfer.dot.png,.png,diagrams,18887,2026-09-21 20:45:50
docs/diagrams/information transfer.dot.svg,information transfer.dot.svg,.svg,diagrams,3934,2026-09-21 20:45:50
docs/diagrams/infrastructure descriptor.dot,infrastructure descriptor.dot,.dot,diagrams,1036,2026-09-21 20:45:50
docs/diagrams/infrastructure descriptor.dot.png,infrastructure descriptor.dot.png,.png,diagrams,8477,2026-09-21 20:45:50
docs/diagrams/infrastructure descriptor.dot.svg,infrastructure descriptor.dot.svg,.svg,diagrams,2301,2026-09-21 20:45:50
docs/diagrams/ingress lane.dot,ingress lane.dot,.dot,diagrams,919,2026-09-21 20:45:50
docs/diagrams/ingress lane.dot.png,ingress lane.dot.png,.png,diagrams,6298,2026-09-21 20:45:50
docs/diagrams/ingress lane.dot.svg,ingress lane.dot.svg,.svg,diagrams,2155,2026-09-21 20:45:50
docs/diagrams/ingress link.dot,ingress link.dot,.dot,diagrams,937,2026-09-21 20:45:50
docs/diagrams/ingress link.dot.png,ingress link.dot.png,.png,diagrams,6080,2026-09-21 20:45:50
docs/diagrams/ingress link.dot.svg,ingress link.dot.svg,.svg,diagrams,2158,2026-09-21 20:45:50
docs/diagrams/instance.dot,instance.dot,.dot,diagrams,577,2026-09-21 20:45:50
docs/diagrams/instance.dot.png,instance.dot.png,.png,diagrams,1812,2026-09-21 20:45:50
docs/diagrams/instance.dot.svg,instance.dot.svg,.svg,diagrams,1134,2026-09-21 20:45:50
docs/diagrams/instant.dot,instant.dot,.dot,diagrams,573,2026-09-21 20:45:50
docs/diagrams/instant.dot.png,instant.dot.png,.png,diagrams,1404,2026-09-21 20:45:51
docs/diagrams/instant.dot.svg,instant.dot.svg,.svg,diagrams,1141,2026-09-21 20:45:50
docs/diagrams/intelligent transport system.dot,intelligent transport system.dot,.dot,diagrams,1352,2026-09-21 20:45:51
docs/diagrams/intelligent transport system.dot.png,intelligent transport system.dot.png,.png,diagrams,12935,2026-09-21 20:45:51
docs/diagrams/intelligent transport system.dot.svg,intelligent transport system.dot.svg,.svg,diagrams,3230,2026-09-21 20:45:51
docs/diagrams/interaction.dot,interaction.dot,.dot,diagrams,589,2026-09-21 20:45:51
docs/diagrams/interaction.dot.png,interaction.dot.png,.png,diagrams,2078,2026-09-21 20:45:51
docs/diagrams/interaction.dot.svg,interaction.dot.svg,.svg,diagrams,1138,2026-09-21 20:45:51
docs/diagrams/interchange.dot,interchange.dot,.dot,diagrams,1274,2026-09-21 20:45:51
docs/diagrams/interchange.dot.png,interchange.dot.png,.png,diagrams,10717,2026-09-21 20:45:51
docs/diagrams/interchange.dot.svg,interchange.dot.svg,.svg,diagrams,3127,2026-09-21 20:45:51
docs/diagrams/interface dialogue.dot,interface dialogue.dot,.dot,diagrams,1220,2026-09-21 20:45:51
docs/diagrams/interface dialogue.dot.png,interface dialogue.dot.png,.png,diagrams,9869,2026-09-21 20:45:51
docs/diagrams/interface dialogue.dot.svg,interface dialogue.dot.svg,.svg,diagrams,3061,2026-09-21 20:45:51
docs/diagrams/interoperability design.dot,interoperability design.dot,.dot,diagrams,1344,2026-09-21 20:45:51
docs/diagrams/interoperability design.dot.png,interoperability design.dot.png,.png,diagrams,17040,2026-09-21 20:45:51
docs/diagrams/interoperability design.dot.svg,interoperability design.dot.svg,.svg,diagrams,3322,2026-09-21 20:45:51
docs/diagrams/intersection manoeuvre.dot,intersection manoeuvre.dot,.dot,diagrams,1315,2026-09-21 20:45:51
docs/diagrams/intersection manoeuvre.dot.png,intersection manoeuvre.dot.png,.png,diagrams,12789,2026-09-21 20:45:51
docs/diagrams/intersection manoeuvre.dot.svg,intersection manoeuvre.dot.svg,.svg,diagrams,3300,2026-09-21 20:45:51
docs/diagrams/intersection.dot,intersection.dot,.dot,diagrams,932,2026-09-21 20:45:51
docs/diagrams/intersection.dot.png,intersection.dot.png,.png,diagrams,6605,2026-09-21 20:45:51
docs/diagrams/intersection.dot.svg,intersection.dot.svg,.svg,diagrams,2220,2026-09-21 20:45:51
docs/diagrams/junction at grade.dot,junction at grade.dot,.dot,diagrams,847,2026-09-21 20:45:56
docs/diagrams/junction at grade.dot.png,junction at grade.dot.png,.png,diagrams,4317,2026-09-21 20:45:56
docs/diagrams/junction at grade.dot.svg,junction at grade.dot.svg,.svg,diagrams,1920,2026-09-21 20:45:56
docs/diagrams/junction.dot,junction.dot,.dot,diagrams,1533,2026-09-21 20:45:56
docs/diagrams/junction.dot.png,junction.dot.png,.png,diagrams,14278,2026-09-21 20:45:56
docs/diagrams/junction.dot.svg,junction.dot.svg,.svg,diagrams,4173,2026-09-21 20:45:56
docs/diagrams/jurisdiction.dot,jurisdiction.dot,.dot,diagrams,593,2026-09-21 20:45:57
docs/diagrams/jurisdiction.dot.png,jurisdiction.dot.png,.png,diagrams,2203,2026-09-21 20:45:57
docs/diagrams/jurisdiction.dot.svg,jurisdiction.dot.svg,.svg,diagrams,1146,2026-09-21 20:45:57
docs/diagrams/jurisdictional area.dot,jurisdictional area.dot,.dot,diagrams,1023,2026-09-21 20:45:57
docs/diagrams/jurisdictional area.dot.png,jurisdictional area.dot.png,.png,diagrams,8285,2026-09-21 20:45:57
docs/diagrams/jurisdictional area.dot.svg,jurisdictional area.dot.svg,.svg,diagrams,2286,2026-09-21 20:45:57
docs/diagrams/jurisdictional boundary.dot,jurisdictional boundary.dot,.dot,diagrams,1025,2026-09-21 20:45:57
docs/diagrams/jurisdictional boundary.dot.png,jurisdictional boundary.dot.png,.png,diagrams,8447,2026-09-21 20:45:57
docs/diagrams/jurisdictional boundary.dot.svg,jurisdictional boundary.dot.svg,.svg,diagrams,2263,2026-09-21 20:45:57
docs/diagrams/jurisdictional entity.dot,jurisdictional entity.dot,.dot,diagrams,978,2026-09-21 20:45:57
docs/diagrams/jurisdictional entity.dot.png,jurisdictional entity.dot.png,.png,diagrams,6796,2026-09-21 20:45:57
docs/diagrams/jurisdictional entity.dot.svg,jurisdictional entity.dot.svg,.svg,diagrams,2190,2026-09-21 20:45:57
docs/diagrams/kerb.dot,kerb.dot,.dot,diagrams,880,2026-09-21 20:45:57
docs/diagrams/kerb.dot.png,kerb.dot.png,.png,diagrams,4748,2026-09-21 20:45:57
docs/diagrams/kerb.dot.svg,kerb.dot.svg,.svg,diagrams,2021,2026-09-21 20:45:57
docs/diagrams/lane link.dot,lane link.dot,.dot,diagrams,1165,2026-09-21 20:45:57
docs/diagrams/lane link.dot.png,lane link.dot.png,.png,diagrams,6987,2026-09-21 20:45:57
docs/diagrams/lane link.dot.svg,lane link.dot.svg,.svg,diagrams,2930,2026-09-21 20:45:57
docs/diagrams/lane segment.dot,lane segment.dot,.dot,diagrams,811,2026-09-21 20:45:58
docs/diagrams/lane segment.dot.png,lane segment.dot.png,.png,diagrams,3243,2026-09-21 20:45:58
docs/diagrams/lane segment.dot.svg,lane segment.dot.svg,.svg,diagrams,1839,2026-09-21 20:45:58
docs/diagrams/lane.dot,lane.dot,.dot,diagrams,561,2026-09-21 20:45:57
docs/diagrams/lane.dot.png,lane.dot.png,.png,diagrams,1208,2026-09-21 20:45:57
docs/diagrams/lane.dot.svg,lane.dot.svg,.svg,diagrams,1136,2026-09-21 20:45:57
docs/diagrams/lay-by.dot,lay-by.dot,.dot,diagrams,571,2026-09-21 20:45:58
docs/diagrams/lay-by.dot.png,lay-by.dot.png,.png,diagrams,1362,2026-09-21 20:45:58
docs/diagrams/lay-by.dot.svg,lay-by.dot.svg,.svg,diagrams,1150,2026-09-21 20:45:58
docs/diagrams/level 1 driving automation.dot,level 1 driving automation.dot,.dot,diagrams,1399,2026-09-21 20:45:58
docs/diagrams/level 1 driving automation.dot.png,level 1 driving automation.dot.png,.png,diagrams,12231,2026-09-21 20:45:58
docs/diagrams/level 1 driving automation.dot.svg,level 1 driving automation.dot.svg,.svg,diagrams,3312,2026-09-21 20:45:58
docs/diagrams/level 2 driving automation.dot,level 2 driving automation.dot,.dot,diagrams,1399,2026-09-21 20:45:58
docs/diagrams/level 2 driving automation.dot.png,level 2 driving automation.dot.png,.png,diagrams,12388,2026-09-21 20:45:58
docs/diagrams/level 2 driving automation.dot.svg,level 2 driving automation.dot.svg,.svg,diagrams,3312,2026-09-21 20:45:58
docs/diagrams/level 3 ADS.dot,level 3 ADS.dot,.dot,diagrams,1646,2026-09-21 20:45:58
docs/diagrams/level 3 ADS.dot.png,level 3 ADS.dot.png,.png,diagrams,20727,2026-09-21 20:45:58
docs/diagrams/level 3 ADS.dot.svg,level 3 ADS.dot.svg,.svg,diagrams,4357,2026-09-21 20:45:58
docs/diagrams/level 4 ADS.dot,level 4 ADS.dot,.dot,diagrams,1564,2026-09-21 20:45:58
docs/diagrams/level 4 ADS.dot.png,level 4 ADS.dot.png,.png,diagrams,17841,2026-09-21 20:45:58
docs/diagrams/level 4 ADS.dot.svg,level 4 ADS.dot.svg,.svg,diagrams,4238,2026-09-21 20:45:58
docs/diagrams/level 5 ADS.dot,level 5 ADS.dot,.dot,diagrams,1564,2026-09-21 20:45:58
docs/diagrams/level 5 ADS.dot.png,level 5 ADS.dot.png,.png,diagrams,17960,2026-09-21 20:45:58
docs/diagrams/level 5 ADS.dot.svg,level 5 ADS.dot.svg,.svg,diagrams,4238,2026-09-21 20:45:58
docs/diagrams/linear location.dot,linear location.dot,.dot,diagrams,869,2026-09-21 20:45:59
docs/diagrams/linear location.dot.png,linear location.dot.png,.png,diagrams,4669,2026-09-21 20:45:59
docs/diagrams/linear location.dot.svg,linear location.dot.svg,.svg,diagrams,1951,2026-09-21 20:45:59
docs/diagrams/link location.dot,link location.dot,.dot,diagrams,907,2026-09-21 20:45:59
docs/diagrams/link location.dot.png,link location.dot.png,.png,diagrams,4895,2026-09-21 20:45:59
docs/diagrams/link location.dot.svg,link location.dot.svg,.svg,diagrams,2034,2026-09-21 20:45:59
docs/diagrams/link.dot,link.dot,.dot,diagrams,888,2026-09-21 20:45:59
docs/diagrams/link.dot.png,link.dot.png,.png,diagrams,4714,2026-09-21 20:45:59
docs/diagrams/link.dot.svg,link.dot.svg,.svg,diagrams,2194,2026-09-21 20:45:59
docs/diagrams/loading area.dot,loading area.dot,.dot,diagrams,899,2026-09-21 20:45:59
docs/diagrams/loading area.dot.png,loading area.dot.png,.png,diagrams,7681,2026-09-21 20:45:59
docs/diagrams/loading area.dot.svg,loading area.dot.svg,.svg,diagrams,2049,2026-09-21 20:45:59
docs/diagrams/location referencing.dot,location referencing.dot,.dot,diagrams,1010,2026-09-21 20:45:59
docs/diagrams/location referencing.dot.png,location referencing.dot.png,.png,diagrams,7956,2026-09-21 20:45:59
docs/diagrams/location referencing.dot.svg,location referencing.dot.svg,.svg,diagrams,2260,2026-09-21 20:45:59
docs/diagrams/location.dot,location.dot,.dot,diagrams,577,2026-09-21 20:45:59
docs/diagrams/location.dot.png,location.dot.png,.png,diagrams,1582,2026-09-21 20:45:59
docs/diagrams/location.dot.svg,location.dot.svg,.svg,diagrams,1112,2026-09-21 20:45:59
docs/diagrams/low vehicle speed.dot,low vehicle speed.dot,.dot,diagrams,835,2026-09-21 20:45:59
docs/diagrams/low vehicle speed.dot.png,low vehicle speed.dot.png,.png,diagrams,4407,2026-09-21 20:45:59
docs/diagrams/low vehicle speed.dot.svg,low vehicle speed.dot.svg,.svg,diagrams,1861,2026-09-21 20:45:59
docs/diagrams/low-speed vehicle.dot,low-speed vehicle.dot,.dot,diagrams,843,2026-09-21 20:46:00
docs/diagrams/low-speed vehicle.dot.png,low-speed vehicle.dot.png,.png,diagrams,4761,2026-09-21 20:46:00
docs/diagrams/low-speed vehicle.dot.svg,low-speed vehicle.dot.svg,.svg,diagrams,1936,2026-09-21 20:46:00
docs/diagrams/maintenance and construction central management system.dot,maintenance and construction central management system.dot,.dot,diagrams,1017,2026-09-21 20:46:00
docs/diagrams/maintenance and construction central management system.dot.png,maintenance and construction central management system.dot.png,.png,diagrams,6675,2026-09-21 20:46:00
docs/diagrams/maintenance and construction central management system.dot.svg,maintenance and construction central management system.dot.svg,.svg,diagrams,2128,2026-09-21 20:46:00
docs/diagrams/management entity.dot,management entity.dot,.dot,diagrams,581,2026-09-21 20:46:00
docs/diagrams/management entity.dot.png,management entity.dot.png,.png,diagrams,2433,2026-09-21 20:46:00
docs/diagrams/management entity.dot.svg,management entity.dot.svg,.svg,diagrams,1071,2026-09-21 20:46:00
docs/diagrams/map provision system.dot,map provision system.dot,.dot,diagrams,881,2026-09-21 20:46:00
docs/diagrams/map provision system.dot.png,map provision system.dot.png,.png,diagrams,5762,2026-09-21 20:46:00
docs/diagrams/map provision system.dot.svg,map provision system.dot.svg,.svg,diagrams,1975,2026-09-21 20:46:00
docs/diagrams/material entity.dot,material entity.dot,.dot,diagrams,831,2026-09-21 20:46:00
docs/diagrams/material entity.dot.png,material entity.dot.png,.png,diagrams,3481,2026-09-21 20:46:00
docs/diagrams/material entity.dot.svg,material entity.dot.svg,.svg,diagrams,1902,2026-09-21 20:46:00
docs/diagrams/membership-based.dot,membership-based.dot,.dot,diagrams,1004,2026-09-21 20:46:00
docs/diagrams/membership-based.dot.png,membership-based.dot.png,.png,diagrams,7999,2026-09-21 20:46:00
docs/diagrams/membership-based.dot.svg,membership-based.dot.svg,.svg,diagrams,2356,2026-09-21 20:46:00
docs/diagrams/message.dot,message.dot,.dot,diagrams,1369,2026-09-21 20:46:00
docs/diagrams/message.dot.png,message.dot.png,.png,diagrams,7656,2026-09-21 20:46:00
docs/diagrams/message.dot.svg,message.dot.svg,.svg,diagrams,3176,2026-09-21 20:46:00
docs/diagrams/meta-attribute.dot,meta-attribute.dot,.dot,diagrams,985,2026-09-21 20:46:01
docs/diagrams/meta-attribute.dot.png,meta-attribute.dot.png,.png,diagrams,7114,2026-09-21 20:46:01
docs/diagrams/meta-attribute.dot.svg,meta-attribute.dot.svg,.svg,diagrams,2304,2026-09-21 20:46:01
docs/diagrams/mobility app.dot,mobility app.dot,.dot,diagrams,923,2026-09-21 20:46:01
docs/diagrams/mobility app.dot.png,mobility app.dot.png,.png,diagrams,5166,2026-09-21 20:46:01
docs/diagrams/mobility app.dot.svg,mobility app.dot.svg,.svg,diagrams,2035,2026-09-21 20:46:01
docs/diagrams/model kind.dot,model kind.dot,.dot,diagrams,954,2026-09-21 20:46:01
docs/diagrams/model kind.dot.png,model kind.dot.png,.png,diagrams,6694,2026-09-21 20:46:01
docs/diagrams/model kind.dot.svg,model kind.dot.svg,.svg,diagrams,2193,2026-09-21 20:46:01
docs/diagrams/moderate vehicle speed.dot,moderate vehicle speed.dot,.dot,diagrams,855,2026-09-21 20:46:01
docs/diagrams/moderate vehicle speed.dot.png,moderate vehicle speed.dot.png,.png,diagrams,5343,2026-09-21 20:46:01
docs/diagrams/moderate vehicle speed.dot.svg,moderate vehicle speed.dot.svg,.svg,diagrams,1931,2026-09-21 20:46:01
docs/diagrams/moderate-speed vehicle.dot,moderate-speed vehicle.dot,.dot,diagrams,863,2026-09-21 20:46:01
docs/diagrams/moderate-speed vehicle.dot.png,moderate-speed vehicle.dot.png,.png,diagrams,4776,2026-09-21 20:46:01
docs/diagrams/moderate-speed vehicle.dot.svg,moderate-speed vehicle.dot.svg,.svg,diagrams,1946,2026-09-21 20:46:01
docs/diagrams/moderately high-speed vehicle.dot,moderately high-speed vehicle.dot,.dot,diagrams,891,2026-09-21 20:46:01
docs/diagrams/moderately high-speed vehicle.dot.png,moderately high-speed vehicle.dot.png,.png,diagrams,5956,2026-09-21 20:46:01
docs/diagrams/moderately high-speed vehicle.dot.svg,moderately high-speed vehicle.dot.svg,.svg,diagrams,2002,2026-09-21 20:46:01
docs/diagrams/moderately low-speed vehicle.dot,moderately low-speed vehicle.dot,.dot,diagrams,887,2026-09-21 20:46:01
docs/diagrams/moderately low-speed vehicle.dot.png,moderately low-speed vehicle.dot.png,.png,diagrams,5350,2026-09-21 20:46:01
docs/diagrams/moderately low-speed vehicle.dot.svg,moderately low-speed vehicle.dot.svg,.svg,diagrams,1973,2026-09-21 20:46:01
docs/diagrams/moderately-high vehicle speed.dot,moderately-high vehicle speed.dot,.dot,diagrams,883,2026-09-21 20:46:01
docs/diagrams/moderately-high vehicle speed.dot.png,moderately-high vehicle speed.dot.png,.png,diagrams,6083,2026-09-21 20:46:02
docs/diagrams/moderately-high vehicle speed.dot.svg,moderately-high vehicle speed.dot.svg,.svg,diagrams,1990,2026-09-21 20:46:01
docs/diagrams/moderately-low vehicle speed.dot,moderately-low vehicle speed.dot,.dot,diagrams,879,2026-09-21 20:46:02
docs/diagrams/moderately-low vehicle speed.dot.png,moderately-low vehicle speed.dot.png,.png,diagrams,5455,2026-09-21 20:46:02
docs/diagrams/moderately-low vehicle speed.dot.svg,moderately-low vehicle speed.dot.svg,.svg,diagrams,1926,2026-09-21 20:46:02
docs/diagrams/module.dot,module.dot,.dot,diagrams,856,2026-09-21 20:46:02
docs/diagrams/module.dot.png,module.dot.png,.png,diagrams,4444,2026-09-21 20:46:02
docs/diagrams/module.dot.svg,module.dot.svg,.svg,diagrams,1979,2026-09-21 20:46:02
docs/diagrams/motor vehicle.dot,motor vehicle.dot,.dot,diagrams,1141,2026-09-21 20:46:02
docs/diagrams/motor vehicle.dot.png,motor vehicle.dot.png,.png,diagrams,7133,2026-09-21 20:46:02
docs/diagrams/motor vehicle.dot.svg,motor vehicle.dot.svg,.svg,diagrams,2824,2026-09-21 20:46:02
docs/diagrams/motor.dot,motor.dot,.dot,diagrams,843,2026-09-21 20:46:02
docs/diagrams/motor.dot.png,motor.dot.png,.png,diagrams,3374,2026-09-21 20:46:02
docs/diagrams/motor.dot.svg,motor.dot.svg,.svg,diagrams,1989,2026-09-21 20:46:02
docs/diagrams/motorized vehicle.dot,motorized vehicle.dot,.dot,diagrams,843,2026-09-21 20:46:02
docs/diagrams/motorized vehicle.dot.png,motorized vehicle.dot.png,.png,diagrams,4437,2026-09-21 20:46:02
docs/diagrams/motorized vehicle.dot.svg,motorized vehicle.dot.svg,.svg,diagrams,1906,2026-09-21 20:46:02
docs/diagrams/motorway.dot,motorway.dot,.dot,diagrams,816,2026-09-21 20:46:02
docs/diagrams/motorway.dot.png,motorway.dot.png,.png,diagrams,3840,2026-09-21 20:46:02
docs/diagrams/motorway.dot.svg,motorway.dot.svg,.svg,diagrams,1945,2026-09-21 20:46:02
docs/diagrams/movable bridge.dot,movable bridge.dot,.dot,diagrams,827,2026-09-21 20:46:02
docs/diagrams/movable bridge.dot.png,movable bridge.dot.png,.png,diagrams,4348,2026-09-21 20:46:02
docs/diagrams/movable bridge.dot.svg,movable bridge.dot.svg,.svg,diagrams,1893,2026-09-21 20:46:02
docs/diagrams/moving walkway.dot,moving walkway.dot,.dot,diagrams,835,2026-09-21 20:46:02
docs/diagrams/moving walkway.dot.png,moving walkway.dot.png,.png,diagrams,4358,2026-09-21 20:46:03
docs/diagrams/moving walkway.dot.svg,moving walkway.dot.svg,.svg,diagrams,1905,2026-09-21 20:46:02
docs/diagrams/multiple carriageway.dot,multiple carriageway.dot,.dot,diagrams,1671,2026-09-21 20:46:03
docs/diagrams/multiple carriageway.dot.png,multiple carriageway.dot.png,.png,diagrams,19534,2026-09-21 20:46:03
docs/diagrams/multiple carriageway.dot.svg,multiple carriageway.dot.svg,.svg,diagrams,4463,2026-09-21 20:46:03
docs/diagrams/mutual benefit.dot,mutual benefit.dot,.dot,diagrams,847,2026-09-21 20:46:03
docs/diagrams/mutual benefit.dot.png,mutual benefit.dot.png,.png,diagrams,4381,2026-09-21 20:46:03
docs/diagrams/mutual benefit.dot.svg,mutual benefit.dot.svg,.svg,diagrams,1892,2026-09-21 20:46:03
docs/diagrams/n038af7734bf74c8dbc08061da7e63618b2.dot,n038af7734bf74c8dbc08061da7e63618b2.dot,.dot,diagrams,685,2026-07-01 19:52:47
docs/diagrams/n038af7734bf74c8dbc08061da7e63618b8.dot,n038af7734bf74c8dbc08061da7e63618b8.dot,.dot,diagrams,685,2026-07-01 19:52:47
docs/diagrams/n1ef2fbb354b247f3a7acfd73e99a31fbb2.dot,n1ef2fbb354b247f3a7acfd73e99a31fbb2.dot,.dot,diagrams,685,2026-07-01 19:52:47
docs/diagrams/n1ef2fbb354b247f3a7acfd73e99a31fbb8.dot,n1ef2fbb354b247f3a7acfd73e99a31fbb8.dot,.dot,diagrams,685,2026-07-01 19:52:47
docs/diagrams/n2912c30d96db4e37bdd7906c1d00d1b9b5.dot,n2912c30d96db4e37bdd7906c1d00d1b9b5.dot,.dot,diagrams,685,2026-07-01 19:52:47
docs/diagrams/n2ae3f3e0a8a548ebaaa6f1c67d7699a2b2.dot,n2ae3f3e0a8a548ebaaa6f1c67d7699a2b2.dot,.dot,diagrams,687,2026-07-01 19:52:47
docs/diagrams/n2ae3f3e0a8a548ebaaa6f1c67d7699a2b8.dot,n2ae3f3e0a8a548ebaaa6f1c67d7699a2b8.dot,.dot,diagrams,687,2026-07-01 19:52:47
docs/diagrams/n32cf8b4b34c64a88b9df9ebce853afc1b3.dot,n32cf8b4b34c64a88b9df9ebce853afc1b3.dot,.dot,diagrams,687,2026-07-01 19:52:47
docs/diagrams/n32cf8b4b34c64a88b9df9ebce853afc1b9.dot,n32cf8b4b34c64a88b9df9ebce853afc1b9.dot,.dot,diagrams,687,2026-07-01 19:52:47
docs/diagrams/n3a2bc3a6e0b349fdb8575d6e54d19498b2.dot,n3a2bc3a6e0b349fdb8575d6e54d19498b2.dot,.dot,diagrams,685,2026-07-01 19:52:47
docs/diagrams/n3a2bc3a6e0b349fdb8575d6e54d19498b8.dot,n3a2bc3a6e0b349fdb8575d6e54d19498b8.dot,.dot,diagrams,685,2026-07-01 19:52:47
docs/diagrams/n3c894929996240feb548832f4e185a92b5.dot,n3c894929996240feb548832f4e185a92b5.dot,.dot,diagrams,687,2026-07-01 19:52:47
docs/diagrams/n413fa1205e7648a5a3aca73e42c2f21cb5.dot,n413fa1205e7648a5a3aca73e42c2f21cb5.dot,.dot,diagrams,685,2026-07-01 19:52:47
docs/diagrams/n5d9f5e3a39fd4dc281d5cccf4d94c02fb2.dot,n5d9f5e3a39fd4dc281d5cccf4d94c02fb2.dot,.dot,diagrams,685,2026-07-01 19:52:47
docs/diagrams/n5d9f5e3a39fd4dc281d5cccf4d94c02fb8.dot,n5d9f5e3a39fd4dc281d5cccf4d94c02fb8.dot,.dot,diagrams,685,2026-07-01 19:52:47
docs/diagrams/n622790fe1351460ba230b74694fe1778b5.dot,n622790fe1351460ba230b74694fe1778b5.dot,.dot,diagrams,685,2026-07-01 19:52:47
docs/diagrams/n654a9753123242af89be5fdde8044868b5.dot,n654a9753123242af89be5fdde8044868b5.dot,.dot,diagrams,685,2026-07-01 19:52:47
docs/diagrams/n698decb04f2e4ca9b53544b9c27f5e1bb5.dot,n698decb04f2e4ca9b53544b9c27f5e1bb5.dot,.dot,diagrams,685,2026-07-01 19:52:47
docs/diagrams/n80f9e4aa10e34f6cbdc744663519c353b2.dot,n80f9e4aa10e34f6cbdc744663519c353b2.dot,.dot,diagrams,685,2026-07-01 19:52:47
docs/diagrams/n80f9e4aa10e34f6cbdc744663519c353b8.dot,n80f9e4aa10e34f6cbdc744663519c353b8.dot,.dot,diagrams,685,2026-07-01 19:52:47
docs/diagrams/n83b20954c28a4ec7b5a56cb8b9aa208fb5.dot,n83b20954c28a4ec7b5a56cb8b9aa208fb5.dot,.dot,diagrams,687,2026-07-01 19:52:47
docs/diagrams/na091585ee5b64dfc9223101ac6cc45f4b5.dot,na091585ee5b64dfc9223101ac6cc45f4b5.dot,.dot,diagrams,685,2026-07-01 19:52:47
docs/diagrams/nab19509417d64d26b1252b8de254290fb5.dot,nab19509417d64d26b1252b8de254290fb5.dot,.dot,diagrams,685,2026-07-01 19:52:47
docs/diagrams/nadbe79e8025e4ed3a3c35c08f5c09bfdb5.dot,nadbe79e8025e4ed3a3c35c08f5c09bfdb5.dot,.dot,diagrams,687,2026-07-01 19:52:47
docs/diagrams/navigation app.dot,navigation app.dot,.dot,diagrams,849,2026-09-21 20:46:03
docs/diagrams/navigation app.dot.png,navigation app.dot.png,.png,diagrams,4834,2026-09-21 20:46:03
docs/diagrams/navigation app.dot.svg,navigation app.dot.svg,.svg,diagrams,1922,2026-09-21 20:46:03
docs/diagrams/nbdfa90c79c9348d4969e45bf343f0107b5.dot,nbdfa90c79c9348d4969e45bf343f0107b5.dot,.dot,diagrams,685,2026-07-01 19:52:47
docs/diagrams/nc35e13ef2496474ab4af666225f3748db2.dot,nc35e13ef2496474ab4af666225f3748db2.dot,.dot,diagrams,685,2026-07-01 19:52:47
docs/diagrams/nc35e13ef2496474ab4af666225f3748db8.dot,nc35e13ef2496474ab4af666225f3748db8.dot,.dot,diagrams,685,2026-07-01 19:52:47
docs/diagrams/nce7d7681af2d470b975d7b503b9fcd96b3.dot,nce7d7681af2d470b975d7b503b9fcd96b3.dot,.dot,diagrams,687,2026-07-01 19:52:47
docs/diagrams/nce7d7681af2d470b975d7b503b9fcd96b9.dot,nce7d7681af2d470b975d7b503b9fcd96b9.dot,.dot,diagrams,687,2026-07-01 19:52:47
docs/diagrams/nd4a9127e97ec402d910a980d5a170a5bb2.dot,nd4a9127e97ec402d910a980d5a170a5bb2.dot,.dot,diagrams,685,2026-07-01 19:52:47
docs/diagrams/nd4a9127e97ec402d910a980d5a170a5bb8.dot,nd4a9127e97ec402d910a980d5a170a5bb8.dot,.dot,diagrams,685,2026-07-01 19:52:47
docs/diagrams/nda5040c9a9bf44fea3ce5a816792b1c0b2.dot,nda5040c9a9bf44fea3ce5a816792b1c0b2.dot,.dot,diagrams,685,2026-07-01 19:52:47
docs/diagrams/nda5040c9a9bf44fea3ce5a816792b1c0b8.dot,nda5040c9a9bf44fea3ce5a816792b1c0b8.dot,.dot,diagrams,685,2026-07-01 19:52:47
docs/diagrams/network location.dot,network location.dot,.dot,diagrams,578,2026-09-21 20:46:03
docs/diagrams/network location.dot.png,network location.dot.png,.png,diagrams,2357,2026-09-21 20:46:03
docs/diagrams/network location.dot.svg,network location.dot.svg,.svg,diagrams,1050,2026-09-21 20:46:03
docs/diagrams/network model.dot,network model.dot,.dot,diagrams,569,2026-09-21 20:46:03
docs/diagrams/network model.dot.png,network model.dot.png,.png,diagrams,2178,2026-09-21 20:46:03
docs/diagrams/network model.dot.svg,network model.dot.svg,.svg,diagrams,1037,2026-09-21 20:46:03
docs/diagrams/nf6d9cd0059774c05945814a8d12259a9b2.dot,nf6d9cd0059774c05945814a8d12259a9b2.dot,.dot,diagrams,685,2026-07-01 19:52:47
docs/diagrams/nf6d9cd0059774c05945814a8d12259a9b8.dot,nf6d9cd0059774c05945814a8d12259a9b8.dot,.dot,diagrams,685,2026-07-01 19:52:47
docs/diagrams/nfc8bdb103e884414b942c3e61a39e8e4b5.dot,nfc8bdb103e884414b942c3e61a39e8e4b5.dot,.dot,diagrams,685,2026-07-01 19:52:47
docs/diagrams/nfcfa1fcdf51a44e7b56cb2c379c05131b2.dot,nfcfa1fcdf51a44e7b56cb2c379c05131b2.dot,.dot,diagrams,685,2026-07-01 19:52:47
docs/diagrams/nfcfa1fcdf51a44e7b56cb2c379c05131b8.dot,nfcfa1fcdf51a44e7b56cb2c379c05131b8.dot,.dot,diagrams,685,2026-07-01 19:52:47
docs/diagrams/nff6a7b12ea4e4142b85c5cea9c0e17eeb5.dot,nff6a7b12ea4e4142b85c5cea9c0e17eeb5.dot,.dot,diagrams,685,2026-07-01 19:52:47
docs/diagrams/node.dot,node.dot,.dot,diagrams,563,2026-09-21 20:46:03
docs/diagrams/node.dot.png,node.dot.png,.png,diagrams,1371,2026-09-21 20:46:03
docs/diagrams/node.dot.svg,node.dot.svg,.svg,diagrams,1125,2026-09-21 20:46:03
docs/diagrams/nomadic device.dot,nomadic device.dot,.dot,diagrams,1187,2026-09-21 20:46:03
docs/diagrams/nomadic device.dot.png,nomadic device.dot.png,.png,diagrams,7057,2026-09-21 20:46:03
docs/diagrams/nomadic device.dot.svg,nomadic device.dot.svg,.svg,diagrams,2618,2026-09-21 20:46:03
docs/diagrams/nomadic vehicle device.dot,nomadic vehicle device.dot,.dot,diagrams,893,2026-09-21 20:46:03
docs/diagrams/nomadic vehicle device.dot.png,nomadic vehicle device.dot.png,.png,diagrams,5865,2026-09-21 20:46:04
docs/diagrams/nomadic vehicle device.dot.svg,nomadic vehicle device.dot.svg,.svg,diagrams,1995,2026-09-21 20:46:03
docs/diagrams/nomadic vehicle input device.dot,nomadic vehicle input device.dot,.dot,diagrams,935,2026-09-21 20:46:04
docs/diagrams/nomadic vehicle input device.dot.png,nomadic vehicle input device.dot.png,.png,diagrams,5607,2026-09-21 20:46:04
docs/diagrams/nomadic vehicle input device.dot.svg,nomadic vehicle input device.dot.svg,.svg,diagrams,2047,2026-09-21 20:46:04
docs/diagrams/non-biological entity.dot,non-biological entity.dot,.dot,diagrams,889,2026-09-21 20:46:04
docs/diagrams/non-biological entity.dot.png,non-biological entity.dot.png,.png,diagrams,5349,2026-09-21 20:46:04
docs/diagrams/non-biological entity.dot.svg,non-biological entity.dot.svg,.svg,diagrams,1999,2026-09-21 20:46:04
docs/diagrams/non-repudiation.dot,non-repudiation.dot,.dot,diagrams,607,2026-09-21 20:46:04
docs/diagrams/non-repudiation.dot.png,non-repudiation.dot.png,.png,diagrams,2253,2026-09-21 20:46:04
docs/diagrams/non-repudiation.dot.svg,non-repudiation.dot.svg,.svg,diagrams,1152,2026-09-21 20:46:04
docs/diagrams/non-road cycle.dot,non-road cycle.dot,.dot,diagrams,831,2026-09-21 20:46:04
docs/diagrams/non-road cycle.dot.png,non-road cycle.dot.png,.png,diagrams,4302,2026-09-21 20:46:04
docs/diagrams/non-road cycle.dot.svg,non-road cycle.dot.svg,.svg,diagrams,1919,2026-09-21 20:46:04
docs/diagrams/non-road vehicle.dot,non-road vehicle.dot,.dot,diagrams,839,2026-09-21 20:46:04
docs/diagrams/non-road vehicle.dot.png,non-road vehicle.dot.png,.png,diagrams,4329,2026-09-21 20:46:04
docs/diagrams/non-road vehicle.dot.svg,non-road vehicle.dot.svg,.svg,diagrams,1926,2026-09-21 20:46:04
docs/diagrams/objective.dot,objective.dot,.dot,diagrams,581,2026-09-21 20:46:04
docs/diagrams/objective.dot.png,objective.dot.png,.png,diagrams,1924,2026-09-21 20:46:04
docs/diagrams/objective.dot.svg,objective.dot.svg,.svg,diagrams,1116,2026-09-21 20:46:04
docs/diagrams/off-grid.dot,off-grid.dot,.dot,diagrams,964,2026-09-21 20:46:04
docs/diagrams/off-grid.dot.png,off-grid.dot.png,.png,diagrams,6288,2026-09-21 20:46:04
docs/diagrams/off-grid.dot.svg,off-grid.dot.svg,.svg,diagrams,2295,2026-09-21 20:46:04
docs/diagrams/open-access.dot,open-access.dot,.dot,diagrams,974,2026-09-21 20:46:05
docs/diagrams/open-access.dot.png,open-access.dot.png,.png,diagrams,7579,2026-09-21 20:46:05
docs/diagrams/open-access.dot.svg,open-access.dot.svg,.svg,diagrams,2301,2026-09-21 20:46:05
docs/diagrams/operational design domain.dot,operational design domain.dot,.dot,diagrams,1065,2026-09-21 20:46:05
docs/diagrams/operational design domain.dot.png,operational design domain.dot.png,.png,diagrams,9339,2026-09-21 20:46:05
docs/diagrams/operational design domain.dot.svg,operational design domain.dot.svg,.svg,diagrams,2350,2026-09-21 20:46:05
docs/diagrams/operational model.dot,operational model.dot,.dot,diagrams,581,2026-09-21 20:46:05
docs/diagrams/operational model.dot.png,operational model.dot.png,.png,diagrams,2328,2026-09-21 20:46:05
docs/diagrams/operational model.dot.svg,operational model.dot.svg,.svg,diagrams,1051,2026-09-21 20:46:05
docs/diagrams/organization.dot,organization.dot,.dot,diagrams,899,2026-01-08 14:01:47
docs/diagrams/organization.dot.png,organization.dot.png,.png,diagrams,4107,2026-01-08 14:01:48
docs/diagrams/organization.dot.svg,organization.dot.svg,.svg,diagrams,2017,2026-01-08 14:01:47
docs/diagrams/paired on-demand.dot,paired on-demand.dot,.dot,diagrams,851,2026-09-21 20:46:05
docs/diagrams/paired on-demand.dot.png,paired on-demand.dot.png,.png,diagrams,4693,2026-09-21 20:46:05
docs/diagrams/paired on-demand.dot.svg,paired on-demand.dot.svg,.svg,diagrams,1951,2026-09-21 20:46:05
docs/diagrams/parking space for permit holders.dot,parking space for permit holders.dot,.dot,diagrams,967,2026-09-21 20:46:05
docs/diagrams/parking space for permit holders.dot.png,parking space for permit holders.dot.png,.png,diagrams,6859,2026-09-21 20:46:05
docs/diagrams/parking space for permit holders.dot.svg,parking space for permit holders.dot.svg,.svg,diagrams,2088,2026-09-21 20:46:05
docs/diagrams/parking space.dot,parking space.dot,.dot,diagrams,915,2026-09-21 20:46:05
docs/diagrams/parking space.dot.png,parking space.dot.png,.png,diagrams,6495,2026-09-21 20:46:05
docs/diagrams/parking space.dot.svg,parking space.dot.svg,.svg,diagrams,2102,2026-09-21 20:46:05
docs/diagrams/passenger.dot,passenger.dot,.dot,diagrams,1218,2026-09-21 20:46:05
docs/diagrams/passenger.dot.png,passenger.dot.png,.png,diagrams,11676,2026-09-21 20:46:06
docs/diagrams/passenger.dot.svg,passenger.dot.svg,.svg,diagrams,3192,2026-09-21 20:46:05
docs/diagrams/payment administration central system.dot,payment administration central system.dot,.dot,diagrams,949,2026-09-21 20:46:06
docs/diagrams/payment administration central system.dot.png,payment administration central system.dot.png,.png,diagrams,6686,2026-09-21 20:46:06
docs/diagrams/payment administration central system.dot.svg,payment administration central system.dot.svg,.svg,diagrams,2072,2026-09-21 20:46:06
docs/diagrams/payment means.dot,payment means.dot,.dot,diagrams,963,2026-09-21 20:46:06
docs/diagrams/payment means.dot.png,payment means.dot.png,.png,diagrams,8241,2026-09-21 20:46:06
docs/diagrams/payment means.dot.svg,payment means.dot.svg,.svg,diagrams,2195,2026-09-21 20:46:06
docs/diagrams/payment mode.dot,payment mode.dot,.dot,diagrams,985,2026-09-21 20:46:06
docs/diagrams/payment mode.dot.png,payment mode.dot.png,.png,diagrams,10233,2026-09-21 20:46:06
docs/diagrams/payment mode.dot.svg,payment mode.dot.svg,.svg,diagrams,2269,2026-09-21 20:46:06
docs/diagrams/pedestrian crossing.dot,pedestrian crossing.dot,.dot,diagrams,855,2026-09-21 20:46:06
docs/diagrams/pedestrian crossing.dot.png,pedestrian crossing.dot.png,.png,diagrams,4829,2026-09-21 20:46:06
docs/diagrams/pedestrian crossing.dot.svg,pedestrian crossing.dot.svg,.svg,diagrams,1934,2026-09-21 20:46:06
docs/diagrams/pedestrian.dot,pedestrian.dot,.dot,diagrams,846,2026-09-21 20:46:06
docs/diagrams/pedestrian.dot.png,pedestrian.dot.png,.png,diagrams,3797,2026-09-21 20:46:06
docs/diagrams/pedestrian.dot.svg,pedestrian.dot.svg,.svg,diagrams,1976,2026-09-21 20:46:06
docs/diagrams/peer-to-peer.dot,peer-to-peer.dot,.dot,diagrams,890,2026-09-21 20:46:06
docs/diagrams/peer-to-peer.dot.png,peer-to-peer.dot.png,.png,diagrams,4181,2026-09-21 20:46:06
docs/diagrams/peer-to-peer.dot.svg,peer-to-peer.dot.svg,.svg,diagrams,2079,2026-09-21 20:46:06
docs/diagrams/person.dot,person.dot,.dot,diagrams,856,2026-09-21 20:46:06
docs/diagrams/person.dot.png,person.dot.png,.png,diagrams,4333,2026-09-21 20:46:06
docs/diagrams/person.dot.svg,person.dot.svg,.svg,diagrams,1995,2026-09-21 20:46:06
docs/diagrams/personal information device.dot,personal information device.dot,.dot,diagrams,913,2026-09-21 20:46:06
docs/diagrams/personal information device.dot.png,personal information device.dot.png,.png,diagrams,5840,2026-09-21 20:46:07
docs/diagrams/personal information device.dot.svg,personal information device.dot.svg,.svg,diagrams,1959,2026-09-21 20:46:06
docs/diagrams/personal system.dot,personal system.dot,.dot,diagrams,857,2026-09-21 20:46:07
docs/diagrams/personal system.dot.png,personal system.dot.png,.png,diagrams,4996,2026-09-21 20:46:07
docs/diagrams/personal system.dot.svg,personal system.dot.svg,.svg,diagrams,1872,2026-09-21 20:46:07
docs/diagrams/physical object.dot,physical object.dot,.dot,diagrams,1095,2026-09-21 20:46:07
docs/diagrams/physical object.dot.png,physical object.dot.png,.png,diagrams,6609,2026-09-21 20:46:07
docs/diagrams/physical object.dot.svg,physical object.dot.svg,.svg,diagrams,2773,2026-09-21 20:46:07
docs/diagrams/physical traffic separator.dot,physical traffic separator.dot,.dot,diagrams,608,2026-09-21 20:46:07
docs/diagrams/physical traffic separator.dot.png,physical traffic separator.dot.png,.png,diagrams,2975,2026-09-21 20:46:07
docs/diagrams/physical traffic separator.dot.svg,physical traffic separator.dot.svg,.svg,diagrams,1084,2026-09-21 20:46:07
docs/diagrams/physical view.dot,physical view.dot,.dot,diagrams,2009,2026-09-21 20:46:07
docs/diagrams/physical view.dot.png,physical view.dot.png,.png,diagrams,26965,2026-09-21 20:46:07
docs/diagrams/physical view.dot.svg,physical view.dot.svg,.svg,diagrams,5365,2026-09-21 20:46:07
docs/diagrams/physical viewpoint.dot,physical viewpoint.dot,.dot,diagrams,1290,2026-09-21 20:46:07
docs/diagrams/physical viewpoint.dot.png,physical viewpoint.dot.png,.png,diagrams,11253,2026-09-21 20:46:07
docs/diagrams/physical viewpoint.dot.svg,physical viewpoint.dot.svg,.svg,diagrams,3127,2026-09-21 20:46:07
docs/diagrams/pick-up/drop-off area.dot,drop-off area.dot,.dot,diagrams/pick-up,1299,2026-09-21 20:46:07
docs/diagrams/pick-up/drop-off area.dot.png,drop-off area.dot.png,.png,diagrams/pick-up,14715,2026-09-21 20:46:07
docs/diagrams/pick-up/drop-off area.dot.svg,drop-off area.dot.svg,.svg,diagrams/pick-up,3332,2026-09-21 20:46:07
docs/diagrams/planning architecture.dot,planning architecture.dot,.dot,diagrams,879,2026-09-21 20:46:07
docs/diagrams/planning architecture.dot.png,planning architecture.dot.png,.png,diagrams,5133,2026-09-21 20:46:07
docs/diagrams/planning architecture.dot.svg,planning architecture.dot.svg,.svg,diagrams,1960,2026-09-21 20:46:07
docs/diagrams/point coordinates.dot,point coordinates.dot,.dot,diagrams,877,2026-09-21 20:46:08
docs/diagrams/point coordinates.dot.png,point coordinates.dot.png,.png,diagrams,5769,2026-09-21 20:46:08
docs/diagrams/point coordinates.dot.svg,point coordinates.dot.svg,.svg,diagrams,1932,2026-09-21 20:46:08
docs/diagrams/point destination.dot,point destination.dot,.dot,diagrams,869,2026-09-21 20:46:08
docs/diagrams/point destination.dot.png,point destination.dot.png,.png,diagrams,4867,2026-09-21 20:46:08
docs/diagrams/point destination.dot.svg,point destination.dot.svg,.svg,diagrams,1946,2026-09-21 20:46:08
docs/diagrams/point location.dot,point location.dot,.dot,diagrams,865,2026-09-21 20:46:08
docs/diagrams/point location.dot.png,point location.dot.png,.png,diagrams,4598,2026-09-21 20:46:08
docs/diagrams/point location.dot.svg,point location.dot.svg,.svg,diagrams,1939,2026-09-21 20:46:08
docs/diagrams/pre-coded spatial reference.dot,pre-coded spatial reference.dot,.dot,diagrams,921,2026-09-21 20:46:08
docs/diagrams/pre-coded spatial reference.dot.png,pre-coded spatial reference.dot.png,.png,diagrams,6074,2026-09-21 20:46:08
docs/diagrams/pre-coded spatial reference.dot.svg,pre-coded spatial reference.dot.svg,.svg,diagrams,2029,2026-09-21 20:46:08
docs/diagrams/private customer model.dot,private customer model.dot,.dot,diagrams,901,2026-09-21 20:46:08
docs/diagrams/private customer model.dot.png,private customer model.dot.png,.png,diagrams,6197,2026-09-21 20:46:08
docs/diagrams/private customer model.dot.svg,private customer model.dot.svg,.svg,diagrams,2007,2026-09-21 20:46:08
docs/diagrams/private.dot,private.dot,.dot,diagrams,853,2026-09-21 20:46:08
docs/diagrams/private.dot.png,private.dot.png,.png,diagrams,4482,2026-09-21 20:46:08
docs/diagrams/private.dot.svg,private.dot.svg,.svg,diagrams,1962,2026-09-21 20:46:08
docs/diagrams/process specification.dot,process specification.dot,.dot,diagrams,593,2026-09-21 20:46:09
docs/diagrams/process specification.dot.png,process specification.dot.png,.png,diagrams,2931,2026-09-21 20:46:09
docs/diagrams/process specification.dot.svg,process specification.dot.svg,.svg,diagrams,1083,2026-09-21 20:46:09
docs/diagrams/process.dot,process.dot,.dot,diagrams,913,2026-09-21 20:46:08
docs/diagrams/process.dot.png,process.dot.png,.png,diagrams,5831,2026-09-21 20:46:08
docs/diagrams/process.dot.svg,process.dot.svg,.svg,diagrams,2150,2026-09-21 20:46:08
docs/diagrams/protected road user.dot,protected road user.dot,.dot,diagrams,857,2026-09-21 20:46:09
docs/diagrams/protected road user.dot.png,protected road user.dot.png,.png,diagrams,5264,2026-09-21 20:46:09
docs/diagrams/protected road user.dot.svg,protected road user.dot.svg,.svg,diagrams,1936,2026-09-21 20:46:09
docs/diagrams/public information device.dot,public information device.dot,.dot,diagrams,905,2026-09-21 20:46:09
docs/diagrams/public information device.dot.png,public information device.dot.png,.png,diagrams,6449,2026-09-21 20:46:09
docs/diagrams/public information device.dot.svg,public information device.dot.svg,.svg,diagrams,2010,2026-09-21 20:46:09
docs/diagrams/public transport app.dot,public transport app.dot,.dot,diagrams,873,2026-09-21 20:46:09
docs/diagrams/public transport app.dot.png,public transport app.dot.png,.png,diagrams,4806,2026-09-21 20:46:09
docs/diagrams/public transport app.dot.svg,public transport app.dot.svg,.svg,diagrams,1935,2026-09-21 20:46:09
docs/diagrams/public transport central management system.dot,public transport central management system.dot,.dot,diagrams,969,2026-09-21 20:46:09
docs/diagrams/public transport central management system.dot.png,public transport central management system.dot.png,.png,diagrams,6476,2026-09-21 20:46:09
docs/diagrams/public transport central management system.dot.svg,public transport central management system.dot.svg,.svg,diagrams,2061,2026-09-21 20:46:09
docs/diagrams/public transport vehicle stop.dot,public transport vehicle stop.dot,.dot,diagrams,1358,2026-09-21 20:46:09
docs/diagrams/public transport vehicle stop.dot.png,public transport vehicle stop.dot.png,.png,diagrams,11026,2026-09-21 20:46:10
docs/diagrams/public transport vehicle stop.dot.svg,public transport vehicle stop.dot.svg,.svg,diagrams,3232,2026-09-21 20:46:09
docs/diagrams/public transport.dot,public transport.dot,.dot,diagrams,988,2026-09-21 20:46:09
docs/diagrams/public transport.dot.png,public transport.dot.png,.png,diagrams,9927,2026-09-21 20:46:09
docs/diagrams/public transport.dot.svg,public transport.dot.svg,.svg,diagrams,2229,2026-09-21 20:46:09
docs/diagrams/public.dot,public.dot,.dot,diagrams,848,2026-09-21 20:46:09
docs/diagrams/public.dot.png,public.dot.png,.png,diagrams,4170,2026-09-21 20:46:09
docs/diagrams/public.dot.svg,public.dot.svg,.svg,diagrams,1967,2026-09-21 20:46:09
docs/diagrams/real-time traveller information app.dot,real-time traveller information app.dot,.dot,diagrams,933,2026-09-21 20:46:10
docs/diagrams/real-time traveller information app.dot.png,real-time traveller information app.dot.png,.png,diagrams,5598,2026-09-21 20:46:10
docs/diagrams/real-time traveller information app.dot.svg,real-time traveller information app.dot.svg,.svg,diagrams,2062,2026-09-21 20:46:10
docs/diagrams/realization.dot,realization.dot,.dot,diagrams,589,2026-09-21 20:46:10
docs/diagrams/realization.dot.png,realization.dot.png,.png,diagrams,2035,2026-09-21 20:46:10
docs/diagrams/realization.dot.svg,realization.dot.svg,.svg,diagrams,1138,2026-09-21 20:46:10
docs/diagrams/reference architecture.dot,reference architecture.dot,.dot,diagrams,883,2026-09-21 20:46:10
docs/diagrams/reference architecture.dot.png,reference architecture.dot.png,.png,diagrams,4710,2026-09-21 20:46:10
docs/diagrams/reference architecture.dot.svg,reference architecture.dot.svg,.svg,diagrams,1973,2026-09-21 20:46:10
docs/diagrams/relationship.dot,relationship.dot,.dot,diagrams,593,2026-09-21 20:46:10
docs/diagrams/relationship.dot.png,relationship.dot.png,.png,diagrams,2247,2026-09-21 20:46:10
docs/diagrams/relationship.dot.svg,relationship.dot.svg,.svg,diagrams,1146,2026-09-21 20:46:10
docs/diagrams/remote driver.dot,remote driver.dot,.dot,diagrams,2016,2026-09-21 20:46:10
docs/diagrams/remote driver.dot.png,remote driver.dot.png,.png,diagrams,17491,2026-09-21 20:46:10
docs/diagrams/remote driver.dot.svg,remote driver.dot.svg,.svg,diagrams,5465,2026-09-21 20:46:10
docs/diagrams/remote vehicle input device.dot,remote vehicle input device.dot,.dot,diagrams,931,2026-09-21 20:46:10
docs/diagrams/remote vehicle input device.dot.png,remote vehicle input device.dot.png,.png,diagrams,5928,2026-09-21 20:46:10
docs/diagrams/remote vehicle input device.dot.svg,remote vehicle input device.dot.svg,.svg,diagrams,2042,2026-09-21 20:46:10
docs/diagrams/requirement.dot,requirement.dot,.dot,diagrams,589,2026-09-21 20:46:10
docs/diagrams/requirement.dot.png,requirement.dot.png,.png,diagrams,1868,2026-09-21 20:46:10
docs/diagrams/requirement.dot.svg,requirement.dot.svg,.svg,diagrams,1142,2026-09-21 20:46:10
docs/diagrams/requirements specification.dot,requirements specification.dot,.dot,diagrams,608,2026-09-21 20:46:10
docs/diagrams/requirements specification.dot.png,requirements specification.dot.png,.png,diagrams,3472,2026-09-21 20:46:11
docs/diagrams/requirements specification.dot.svg,requirements specification.dot.svg,.svg,diagrams,1094,2026-09-21 20:46:10
docs/diagrams/reserved lane.dot,reserved lane.dot,.dot,diagrams,845,2026-09-21 20:46:11
docs/diagrams/reserved lane.dot.png,reserved lane.dot.png,.png,diagrams,4337,2026-09-21 20:46:11
docs/diagrams/reserved lane.dot.svg,reserved lane.dot.svg,.svg,diagrams,1900,2026-09-21 20:46:11
docs/diagrams/resilience.dot,resilience.dot,.dot,diagrams,585,2026-09-21 20:46:11
docs/diagrams/resilience.dot.png,resilience.dot.png,.png,diagrams,1714,2026-09-21 20:46:11
docs/diagrams/resilience.dot.svg,resilience.dot.svg,.svg,diagrams,1138,2026-09-21 20:46:11
docs/diagrams/resource.dot,resource.dot,.dot,diagrams,577,2026-09-21 20:46:11
docs/diagrams/resource.dot.png,resource.dot.png,.png,diagrams,1752,2026-09-21 20:46:11
docs/diagrams/resource.dot.svg,resource.dot.svg,.svg,diagrams,1145,2026-09-21 20:46:11
docs/diagrams/rideshare service.dot,rideshare service.dot,.dot,diagrams,1086,2026-09-21 20:46:11
docs/diagrams/rideshare service.dot.png,rideshare service.dot.png,.png,diagrams,10919,2026-09-21 20:46:11
docs/diagrams/rideshare service.dot.svg,rideshare service.dot.svg,.svg,diagrams,2410,2026-09-21 20:46:11
docs/diagrams/ridesourced service.dot,ridesourced service.dot,.dot,diagrams,1095,2026-09-21 20:46:11
docs/diagrams/ridesourced service.dot.png,ridesourced service.dot.png,.png,diagrams,11560,2026-09-21 20:46:11
docs/diagrams/ridesourced service.dot.svg,ridesourced service.dot.svg,.svg,diagrams,2434,2026-09-21 20:46:11
docs/diagrams/ridesourcing app.dot,ridesourcing app.dot,.dot,diagrams,901,2026-09-21 20:46:11
docs/diagrams/ridesourcing app.dot.png,ridesourcing app.dot.png,.png,diagrams,6964,2026-09-21 20:46:11
docs/diagrams/ridesourcing app.dot.svg,ridesourcing app.dot.svg,.svg,diagrams,1999,2026-09-21 20:46:11
docs/diagrams/ridesplit service.dot,ridesplit service.dot,.dot,diagrams,950,2026-09-21 20:46:11
docs/diagrams/ridesplit service.dot.png,ridesplit service.dot.png,.png,diagrams,7220,2026-09-21 20:46:11
docs/diagrams/ridesplit service.dot.svg,ridesplit service.dot.svg,.svg,diagrams,2098,2026-09-21 20:46:11
docs/diagrams/risk.dot,risk.dot,.dot,diagrams,561,2026-09-21 20:46:12
docs/diagrams/risk.dot.png,risk.dot.png,.png,diagrams,1094,2026-09-21 20:46:12
docs/diagrams/risk.dot.svg,risk.dot.svg,.svg,diagrams,1136,2026-09-21 20:46:12
docs/diagrams/road cycle.dot,road cycle.dot,.dot,diagrams,815,2026-09-21 20:46:12
docs/diagrams/road cycle.dot.png,road cycle.dot.png,.png,diagrams,4035,2026-09-21 20:46:12
docs/diagrams/road cycle.dot.svg,road cycle.dot.svg,.svg,diagrams,1873,2026-09-21 20:46:12
docs/diagrams/road equipment.dot,road equipment.dot,.dot,diagrams,572,2026-09-21 20:46:12
docs/diagrams/road equipment.dot.png,road equipment.dot.png,.png,diagrams,2802,2026-09-21 20:46:12
docs/diagrams/road equipment.dot.svg,road equipment.dot.svg,.svg,diagrams,1058,2026-09-21 20:46:12
docs/diagrams/road identifier.dot,road identifier.dot,.dot,diagrams,915,2026-09-21 20:46:12
docs/diagrams/road identifier.dot.png,road identifier.dot.png,.png,diagrams,6343,2026-09-21 20:46:12
docs/diagrams/road identifier.dot.svg,road identifier.dot.svg,.svg,diagrams,2150,2026-09-21 20:46:12
docs/diagrams/road link.dot,road link.dot,.dot,diagrams,1482,2026-09-21 20:46:12
docs/diagrams/road link.dot.png,road link.dot.png,.png,diagrams,13726,2026-09-21 20:46:12
docs/diagrams/road link.dot.svg,road link.dot.svg,.svg,diagrams,4096,2026-09-21 20:46:12
docs/diagrams/road model.dot,road model.dot,.dot,diagrams,1521,2026-09-21 20:46:12
docs/diagrams/road model.dot.png,road model.dot.png,.png,diagrams,19197,2026-09-21 20:46:12
docs/diagrams/road model.dot.svg,road model.dot.svg,.svg,diagrams,4217,2026-09-21 20:46:12
docs/diagrams/road network.dot,road network.dot,.dot,diagrams,900,2026-09-21 20:46:12
docs/diagrams/road network.dot.png,road network.dot.png,.png,diagrams,6805,2026-09-21 20:46:13
docs/diagrams/road network.dot.svg,road network.dot.svg,.svg,diagrams,2101,2026-09-21 20:46:12
docs/diagrams/road reservation.dot,road reservation.dot,.dot,diagrams,1552,2026-09-21 20:46:13
docs/diagrams/road reservation.dot.png,road reservation.dot.png,.png,diagrams,20941,2026-09-21 20:46:13
docs/diagrams/road reservation.dot.svg,road reservation.dot.svg,.svg,diagrams,4260,2026-09-21 20:46:13
docs/diagrams/road section.dot,road section.dot,.dot,diagrams,922,2026-09-21 20:46:13
docs/diagrams/road section.dot.png,road section.dot.png,.png,diagrams,7169,2026-09-21 20:46:13
docs/diagrams/road section.dot.svg,road section.dot.svg,.svg,diagrams,2154,2026-09-21 20:46:13
docs/diagrams/road segment.dot,road segment.dot,.dot,diagrams,811,2026-09-21 20:46:13
docs/diagrams/road segment.dot.png,road segment.dot.png,.png,diagrams,4017,2026-09-21 20:46:13
docs/diagrams/road segment.dot.svg,road segment.dot.svg,.svg,diagrams,1854,2026-09-21 20:46:13
docs/diagrams/road user.dot,road user.dot,.dot,diagrams,946,2026-09-21 20:46:13
docs/diagrams/road user.dot.png,road user.dot.png,.png,diagrams,7739,2026-09-21 20:46:13
docs/diagrams/road user.dot.svg,road user.dot.svg,.svg,diagrams,2162,2026-09-21 20:46:13
docs/diagrams/road vehicle.dot,road vehicle.dot,.dot,diagrams,823,2026-09-21 20:46:13
docs/diagrams/road vehicle.dot.png,road vehicle.dot.png,.png,diagrams,4114,2026-09-21 20:46:13
docs/diagrams/road vehicle.dot.svg,road vehicle.dot.svg,.svg,diagrams,1886,2026-09-21 20:46:13
docs/diagrams/road.dot,road.dot,.dot,diagrams,561,2026-09-21 20:46:12
docs/diagrams/road.dot.png,road.dot.png,.png,diagrams,1350,2026-09-21 20:46:12
docs/diagrams/road.dot.svg,road.dot.svg,.svg,diagrams,1103,2026-09-21 20:46:12
docs/diagrams/roadside unit.dot,roadside unit.dot,.dot,diagrams,853,2026-09-21 20:46:13
docs/diagrams/roadside unit.dot.png,roadside unit.dot.png,.png,diagrams,4362,2026-09-21 20:46:13
docs/diagrams/roadside unit.dot.svg,roadside unit.dot.svg,.svg,diagrams,1882,2026-09-21 20:46:13
docs/diagrams/roadside.dot,roadside.dot,.dot,diagrams,903,2026-09-21 20:46:13
docs/diagrams/roadside.dot.png,roadside.dot.png,.png,diagrams,5904,2026-09-21 20:46:13
docs/diagrams/roadside.dot.svg,roadside.dot.svg,.svg,diagrams,2178,2026-09-21 20:46:13
docs/diagrams/roadway.dot,roadway.dot,.dot,diagrams,934,2026-09-21 20:46:14
docs/diagrams/roadway.dot.png,roadway.dot.png,.png,diagrams,7212,2026-09-21 20:46:14
docs/diagrams/roadway.dot.svg,roadway.dot.svg,.svg,diagrams,2251,2026-09-21 20:46:14
docs/diagrams/role.dot,role.dot,.dot,diagrams,561,2026-09-21 20:46:14
docs/diagrams/role.dot.png,role.dot.png,.png,diagrams,1128,2026-09-21 20:46:14
docs/diagrams/role.dot.svg,role.dot.svg,.svg,diagrams,1136,2026-09-21 20:46:14
docs/diagrams/scenario.dot,scenario.dot,.dot,diagrams,577,2026-09-21 20:46:14
docs/diagrams/scenario.dot.png,scenario.dot.png,.png,diagrams,1984,2026-09-21 20:46:14
docs/diagrams/scenario.dot.svg,scenario.dot.svg,.svg,diagrams,1145,2026-09-21 20:46:14
docs/diagrams/security entity.dot,security entity.dot,.dot,diagrams,575,2026-09-21 20:46:14
docs/diagrams/security entity.dot.png,security entity.dot.png,.png,diagrams,2315,2026-09-21 20:46:14
docs/diagrams/security entity.dot.svg,security entity.dot.svg,.svg,diagrams,1061,2026-09-21 20:46:14
docs/diagrams/sensor.dot,sensor.dot,.dot,diagrams,949,2026-09-21 20:46:14
docs/diagrams/sensor.dot.png,sensor.dot.png,.png,diagrams,7726,2026-09-21 20:46:14
docs/diagrams/sensor.dot.svg,sensor.dot.svg,.svg,diagrams,2232,2026-09-21 20:46:14
docs/diagrams/sequential.dot,sequential.dot,.dot,diagrams,876,2026-09-21 20:46:14
docs/diagrams/sequential.dot.png,sequential.dot.png,.png,diagrams,4910,2026-09-21 20:46:14
docs/diagrams/sequential.dot.svg,sequential.dot.svg,.svg,diagrams,1997,2026-09-21 20:46:14
docs/diagrams/service alley.dot,service alley.dot,.dot,diagrams,819,2026-09-21 20:46:15
docs/diagrams/service alley.dot.png,service alley.dot.png,.png,diagrams,4046,2026-09-21 20:46:15
docs/diagrams/service alley.dot.svg,service alley.dot.svg,.svg,diagrams,1886,2026-09-21 20:46:15
docs/diagrams/service provider.dot,service provider.dot,.dot,diagrams,1190,2026-09-21 20:46:15
docs/diagrams/service provider.dot.png,service provider.dot.png,.png,diagrams,8563,2026-09-21 20:46:15
docs/diagrams/service provider.dot.svg,service provider.dot.svg,.svg,diagrams,3013,2026-09-21 20:46:15
docs/diagrams/service road.dot,service road.dot,.dot,diagrams,811,2026-09-21 20:46:15
docs/diagrams/service road.dot.png,service road.dot.png,.png,diagrams,4207,2026-09-21 20:46:15
docs/diagrams/service road.dot.svg,service road.dot.svg,.svg,diagrams,1875,2026-09-21 20:46:15
docs/diagrams/service.dot,service.dot,.dot,diagrams,1192,2026-09-21 20:46:14
docs/diagrams/service.dot.png,service.dot.png,.png,diagrams,9654,2026-09-21 20:46:14
docs/diagrams/service.dot.svg,service.dot.svg,.svg,diagrams,3184,2026-09-21 20:46:14
docs/diagrams/shared space.dot,shared space.dot,.dot,diagrams,566,2026-09-21 20:46:15
docs/diagrams/shared space.dot.png,shared space.dot.png,.png,diagrams,2258,2026-09-21 20:46:15
docs/diagrams/shared space.dot.svg,shared space.dot.svg,.svg,diagrams,1034,2026-09-21 20:46:15
docs/diagrams/shared transport service.dot,shared transport service.dot,.dot,diagrams,977,2026-09-21 20:46:15
docs/diagrams/shared transport service.dot.png,shared transport service.dot.png,.png,diagrams,9403,2026-09-21 20:46:15
docs/diagrams/shared transport service.dot.svg,shared transport service.dot.svg,.svg,diagrams,2153,2026-09-21 20:46:15
docs/diagrams/shared vehicle service.dot,shared vehicle service.dot,.dot,diagrams,1030,2026-09-21 20:46:15
docs/diagrams/shared vehicle service.dot.png,shared vehicle service.dot.png,.png,diagrams,11643,2026-09-21 20:46:15
docs/diagrams/shared vehicle service.dot.svg,shared vehicle service.dot.svg,.svg,diagrams,2298,2026-09-21 20:46:15
docs/diagrams/shoulder.dot,shoulder.dot,.dot,diagrams,577,2026-09-21 20:46:15
docs/diagrams/shoulder.dot.png,shoulder.dot.png,.png,diagrams,1803,2026-09-21 20:46:15
docs/diagrams/shoulder.dot.svg,shoulder.dot.svg,.svg,diagrams,1145,2026-09-21 20:46:15
docs/diagrams/shuttle service.dot,shuttle service.dot,.dot,diagrams,957,2026-09-21 20:46:15
docs/diagrams/shuttle service.dot.png,shuttle service.dot.png,.png,diagrams,7493,2026-09-21 20:46:16
docs/diagrams/shuttle service.dot.svg,shuttle service.dot.svg,.svg,diagrams,2108,2026-09-21 20:46:15
docs/diagrams/sidewalk.dot,sidewalk.dot,.dot,diagrams,1408,2026-09-21 20:46:16
docs/diagrams/sidewalk.dot.png,sidewalk.dot.png,.png,diagrams,9587,2026-09-21 20:46:16
docs/diagrams/sidewalk.dot.svg,sidewalk.dot.svg,.svg,diagrams,3902,2026-09-21 20:46:16
docs/diagrams/single carriageway.dot,single carriageway.dot,.dot,diagrams,1257,2026-09-21 20:46:16
docs/diagrams/single carriageway.dot.png,single carriageway.dot.png,.png,diagrams,11398,2026-09-21 20:46:16
docs/diagrams/single carriageway.dot.svg,single carriageway.dot.svg,.svg,diagrams,3230,2026-09-21 20:46:16
docs/diagrams/soft shoulder.dot,soft shoulder.dot,.dot,diagrams,831,2026-09-21 20:46:16
docs/diagrams/soft shoulder.dot.png,soft shoulder.dot.png,.png,diagrams,4043,2026-09-21 20:46:16
docs/diagrams/soft shoulder.dot.svg,soft shoulder.dot.svg,.svg,diagrams,1904,2026-09-21 20:46:16
docs/diagrams/spatial location.dot,spatial location.dot,.dot,diagrams,843,2026-09-21 20:46:16
docs/diagrams/spatial location.dot.png,spatial location.dot.png,.png,diagrams,3919,2026-09-21 20:46:16
docs/diagrams/spatial location.dot.svg,spatial location.dot.svg,.svg,diagrams,1919,2026-09-21 20:46:16
docs/diagrams/spatial reference.dot,spatial reference.dot,.dot,diagrams,988,2026-09-21 20:46:16
docs/diagrams/spatial reference.dot.png,spatial reference.dot.png,.png,diagrams,7467,2026-09-21 20:46:16
docs/diagrams/spatial reference.dot.svg,spatial reference.dot.svg,.svg,diagrams,2238,2026-09-21 20:46:16
docs/diagrams/speed.dot,speed.dot,.dot,diagrams,952,2026-09-21 20:46:16
docs/diagrams/speed.dot.png,speed.dot.png,.png,diagrams,8252,2026-09-21 20:46:16
docs/diagrams/speed.dot.svg,speed.dot.svg,.svg,diagrams,2277,2026-09-21 20:46:16
docs/diagrams/stakeholder.dot,stakeholder.dot,.dot,diagrams,925,2026-09-21 20:46:16
docs/diagrams/stakeholder.dot.png,stakeholder.dot.png,.png,diagrams,5472,2026-09-21 20:46:16
docs/diagrams/stakeholder.dot.svg,stakeholder.dot.svg,.svg,diagrams,2189,2026-09-21 20:46:16
docs/diagrams/station-based one-way.dot,station-based one-way.dot,.dot,diagrams,881,2026-09-21 20:46:16
docs/diagrams/station-based one-way.dot.png,station-based one-way.dot.png,.png,diagrams,5932,2026-09-21 20:46:17
docs/diagrams/station-based one-way.dot.svg,station-based one-way.dot.svg,.svg,diagrams,2018,2026-09-21 20:46:16
docs/diagrams/station-based roundtrip.dot,station-based roundtrip.dot,.dot,diagrams,889,2026-09-21 20:46:17
docs/diagrams/station-based roundtrip.dot.png,station-based roundtrip.dot.png,.png,diagrams,5276,2026-09-21 20:46:17
docs/diagrams/station-based roundtrip.dot.svg,station-based roundtrip.dot.svg,.svg,diagrams,2008,2026-09-21 20:46:17
docs/diagrams/support system.dot,support system.dot,.dot,diagrams,853,2026-09-21 20:46:17
docs/diagrams/support system.dot.png,support system.dot.png,.png,diagrams,5246,2026-09-21 20:46:17
docs/diagrams/support system.dot.svg,support system.dot.svg,.svg,diagrams,1900,2026-09-21 20:46:17
docs/diagrams/surface transport system.dot,surface transport system.dot,.dot,diagrams,905,2026-09-21 20:46:17
docs/diagrams/surface transport system.dot.png,surface transport system.dot.png,.png,diagrams,5799,2026-09-21 20:46:17
docs/diagrams/surface transport system.dot.svg,surface transport system.dot.svg,.svg,diagrams,1950,2026-09-21 20:46:17
docs/diagrams/system.dot,system.dot,.dot,diagrams,1550,2026-09-21 20:46:17
docs/diagrams/system.dot.png,system.dot.png,.png,diagrams,19626,2026-09-21 20:46:17
docs/diagrams/system.dot.svg,system.dot.svg,.svg,diagrams,4312,2026-09-21 20:46:17
docs/diagrams/taxi hailing app.dot,taxi hailing app.dot,.dot,diagrams,857,2026-09-21 20:46:17
docs/diagrams/taxi hailing app.dot.png,taxi hailing app.dot.png,.png,diagrams,4261,2026-09-21 20:46:17
docs/diagrams/taxi hailing app.dot.svg,taxi hailing app.dot.svg,.svg,diagrams,1905,2026-09-21 20:46:17
docs/diagrams/taxi service.dot,taxi service.dot,.dot,diagrams,1065,2026-09-21 20:46:17
docs/diagrams/taxi service.dot.png,taxi service.dot.png,.png,diagrams,11066,2026-09-21 20:46:17
docs/diagrams/taxi service.dot.svg,taxi service.dot.svg,.svg,diagrams,2412,2026-09-21 20:46:17
docs/diagrams/taxi-share service.dot,taxi-share service.dot,.dot,diagrams,1089,2026-09-21 20:46:17
docs/diagrams/taxi-share service.dot.png,taxi-share service.dot.png,.png,diagrams,11123,2026-09-21 20:46:17
docs/diagrams/taxi-share service.dot.svg,taxi-share service.dot.svg,.svg,diagrams,2434,2026-09-21 20:46:17
docs/diagrams/terminator.dot,terminator.dot,.dot,diagrams,868,2026-09-21 20:46:18
docs/diagrams/terminator.dot.png,terminator.dot.png,.png,diagrams,4794,2026-09-21 20:46:18
docs/diagrams/terminator.dot.svg,terminator.dot.svg,.svg,diagrams,2015,2026-09-21 20:46:18
docs/diagrams/threat.dot,threat.dot,.dot,diagrams,569,2026-09-21 20:46:18
docs/diagrams/threat.dot.png,threat.dot.png,.png,diagrams,1397,2026-09-21 20:46:18
docs/diagrams/threat.dot.svg,threat.dot.svg,.svg,diagrams,1111,2026-09-21 20:46:18
docs/diagrams/traffic control device.dot,traffic control device.dot,.dot,diagrams,889,2026-09-21 20:46:18
docs/diagrams/traffic control device.dot.png,traffic control device.dot.png,.png,diagrams,5774,2026-09-21 20:46:18
docs/diagrams/traffic control device.dot.svg,traffic control device.dot.svg,.svg,diagrams,1981,2026-09-21 20:46:18
docs/diagrams/traffic lane.dot,traffic lane.dot,.dot,diagrams,811,2026-09-21 20:46:18
docs/diagrams/traffic lane.dot.png,traffic lane.dot.png,.png,diagrams,3458,2026-09-21 20:46:18
docs/diagrams/traffic lane.dot.svg,traffic lane.dot.svg,.svg,diagrams,1863,2026-09-21 20:46:18
docs/diagrams/traffic management central system.dot,traffic management central system.dot,.dot,diagrams,933,2026-09-21 20:46:18
docs/diagrams/traffic management central system.dot.png,traffic management central system.dot.png,.png,diagrams,6331,2026-09-21 20:46:18
docs/diagrams/traffic management central system.dot.svg,traffic management central system.dot.svg,.svg,diagrams,2044,2026-09-21 20:46:18
docs/diagrams/traffic regulation central system.dot,traffic regulation central system.dot,.dot,diagrams,933,2026-09-21 20:46:18
docs/diagrams/traffic regulation central system.dot.png,traffic regulation central system.dot.png,.png,diagrams,5919,2026-09-21 20:46:18
docs/diagrams/traffic regulation central system.dot.svg,traffic regulation central system.dot.svg,.svg,diagrams,2044,2026-09-21 20:46:18
docs/diagrams/transnet layer.dot,transnet layer.dot,.dot,diagrams,572,2026-09-21 20:46:18
docs/diagrams/transnet layer.dot.png,transnet layer.dot.png,.png,diagrams,2011,2026-09-21 20:46:18
docs/diagrams/transnet layer.dot.svg,transnet layer.dot.svg,.svg,diagrams,1040,2026-09-21 20:46:18
docs/diagrams/transparency.dot,transparency.dot,.dot,diagrams,593,2026-09-21 20:46:18
docs/diagrams/transparency.dot.png,transparency.dot.png,.png,diagrams,2372,2026-09-21 20:46:19
docs/diagrams/transparency.dot.svg,transparency.dot.svg,.svg,diagrams,1132,2026-09-21 20:46:18
docs/diagrams/transport facility.dot,transport facility.dot,.dot,diagrams,584,2026-09-21 20:46:19
docs/diagrams/transport facility.dot.png,transport facility.dot.png,.png,diagrams,2799,2026-09-21 20:46:19
docs/diagrams/transport facility.dot.svg,transport facility.dot.svg,.svg,diagrams,1070,2026-09-21 20:46:19
docs/diagrams/transport information central system.dot,transport information central system.dot,.dot,diagrams,945,2026-09-21 20:46:19
docs/diagrams/transport information central system.dot.png,transport information central system.dot.png,.png,diagrams,5981,2026-09-21 20:46:19
docs/diagrams/transport information central system.dot.svg,transport information central system.dot.svg,.svg,diagrams,2059,2026-09-21 20:46:19
docs/diagrams/transport infrastructure.dot,transport infrastructure.dot,.dot,diagrams,1291,2026-09-21 20:46:19
docs/diagrams/transport infrastructure.dot.png,transport infrastructure.dot.png,.png,diagrams,9584,2026-09-21 20:46:19
docs/diagrams/transport infrastructure.dot.svg,transport infrastructure.dot.svg,.svg,diagrams,3158,2026-09-21 20:46:19
docs/diagrams/transport provider.dot,transport provider.dot,.dot,diagrams,1287,2026-09-21 20:46:19
docs/diagrams/transport provider.dot.png,transport provider.dot.png,.png,diagrams,9921,2026-09-21 20:46:19
docs/diagrams/transport provider.dot.svg,transport provider.dot.svg,.svg,diagrams,3139,2026-09-21 20:46:19
docs/diagrams/transport service.dot,transport service.dot,.dot,diagrams,1962,2026-09-21 20:46:19
docs/diagrams/transport service.dot.png,transport service.dot.png,.png,diagrams,22781,2026-09-21 20:46:19
docs/diagrams/transport service.dot.svg,transport service.dot.svg,.svg,diagrams,5403,2026-09-21 20:46:19
docs/diagrams/transport sharing.dot,transport sharing.dot,.dot,diagrams,1014,2026-09-21 20:46:19
docs/diagrams/transport sharing.dot.png,transport sharing.dot.png,.png,diagrams,7666,2026-09-21 20:46:19
docs/diagrams/transport sharing.dot.svg,transport sharing.dot.svg,.svg,diagrams,2249,2026-09-21 20:46:19
docs/diagrams/transport system.dot,transport system.dot,.dot,diagrams,835,2026-09-21 20:46:19
docs/diagrams/transport system.dot.png,transport system.dot.png,.png,diagrams,4341,2026-09-21 20:46:19
docs/diagrams/transport system.dot.svg,transport system.dot.svg,.svg,diagrams,1879,2026-09-21 20:46:19
docs/diagrams/transport user need.dot,transport user need.dot,.dot,diagrams,1632,2026-09-21 20:46:20
docs/diagrams/transport user need.dot.png,transport user need.dot.png,.png,diagrams,16917,2026-09-21 20:46:20
docs/diagrams/transport user need.dot.svg,transport user need.dot.svg,.svg,diagrams,4269,2026-09-21 20:46:20
docs/diagrams/transport user.dot,transport user.dot,.dot,diagrams,819,2026-09-21 20:46:20
docs/diagrams/transport user.dot.png,transport user.dot.png,.png,diagrams,4070,2026-09-21 20:46:20
docs/diagrams/transport user.dot.svg,transport user.dot.svg,.svg,diagrams,1873,2026-09-21 20:46:20
docs/diagrams/travelled way.dot,travelled way.dot,.dot,diagrams,569,2026-09-21 20:46:20
docs/diagrams/travelled way.dot.png,travelled way.dot.png,.png,diagrams,2262,2026-09-21 20:46:20
docs/diagrams/travelled way.dot.svg,travelled way.dot.svg,.svg,diagrams,1051,2026-09-21 20:46:20
docs/diagrams/traveller.dot,traveller.dot,.dot,diagrams,909,2026-09-21 20:46:20
docs/diagrams/traveller.dot.png,traveller.dot.png,.png,diagrams,5031,2026-09-21 20:46:20
docs/diagrams/traveller.dot.svg,traveller.dot.svg,.svg,diagrams,2174,2026-09-21 20:46:20
docs/diagrams/trip aggregator app.dot,trip aggregator app.dot,.dot,diagrams,869,2026-09-21 20:46:20
docs/diagrams/trip aggregator app.dot.png,trip aggregator app.dot.png,.png,diagrams,4538,2026-09-21 20:46:20
docs/diagrams/trip aggregator app.dot.svg,trip aggregator app.dot.svg,.svg,diagrams,1929,2026-09-21 20:46:20
docs/diagrams/trustworthiness.dot,trustworthiness.dot,.dot,diagrams,605,2026-09-21 20:46:20
docs/diagrams/trustworthiness.dot.png,trustworthiness.dot.png,.png,diagrams,2245,2026-09-21 20:46:20
docs/diagrams/trustworthiness.dot.svg,trustworthiness.dot.svg,.svg,diagrams,1158,2026-09-21 20:46:20
docs/diagrams/ultra-low vehicle speed.dot,ultra-low vehicle speed.dot,.dot,diagrams,859,2026-09-21 20:46:20
docs/diagrams/ultra-low vehicle speed.dot.png,ultra-low vehicle speed.dot.png,.png,diagrams,5021,2026-09-21 20:46:20
docs/diagrams/ultra-low vehicle speed.dot.svg,ultra-low vehicle speed.dot.svg,.svg,diagrams,1899,2026-09-21 20:46:20
docs/diagrams/ultra-low-speed vehicle.dot,ultra-low-speed vehicle.dot,.dot,diagrams,867,2026-09-21 20:46:20
docs/diagrams/ultra-low-speed vehicle.dot.png,ultra-low-speed vehicle.dot.png,.png,diagrams,5428,2026-09-21 20:46:21
docs/diagrams/ultra-low-speed vehicle.dot.svg,ultra-low-speed vehicle.dot.svg,.svg,diagrams,1980,2026-09-21 20:46:20
docs/diagrams/unconnected.dot,unconnected.dot,.dot,diagrams,851,2026-09-21 20:46:21
docs/diagrams/unconnected.dot.png,unconnected.dot.png,.png,diagrams,3704,2026-09-21 20:46:21
docs/diagrams/unconnected.dot.svg,unconnected.dot.svg,.svg,diagrams,1979,2026-09-21 20:46:21
docs/diagrams/unequipped.dot,unequipped.dot,.dot,diagrams,846,2026-09-21 20:46:21
docs/diagrams/unequipped.dot.png,unequipped.dot.png,.png,diagrams,3931,2026-09-21 20:46:21
docs/diagrams/unequipped.dot.svg,unequipped.dot.svg,.svg,diagrams,1994,2026-09-21 20:46:21
docs/diagrams/usable width.dot,usable width.dot,.dot,diagrams,936,2026-09-21 20:46:21
docs/diagrams/usable width.dot.png,usable width.dot.png,.png,diagrams,7463,2026-09-21 20:46:21
docs/diagrams/usable width.dot.svg,usable width.dot.svg,.svg,diagrams,2171,2026-09-21 20:46:21
docs/diagrams/use case.dot,use case.dot,.dot,diagrams,900,2026-09-21 20:46:21
docs/diagrams/use case.dot.png,use case.dot.png,.png,diagrams,6122,2026-09-21 20:46:21
docs/diagrams/use case.dot.svg,use case.dot.svg,.svg,diagrams,2100,2026-09-21 20:46:21
docs/diagrams/user need.dot,user need.dot,.dot,diagrams,893,2026-09-21 20:46:21
docs/diagrams/user need.dot.png,user need.dot.png,.png,diagrams,6581,2026-09-21 20:46:21
docs/diagrams/user need.dot.svg,user need.dot.svg,.svg,diagrams,2095,2026-09-21 20:46:21
docs/diagrams/user.dot,user.dot,.dot,diagrams,804,2026-09-21 20:46:21
docs/diagrams/user.dot.png,user.dot.png,.png,diagrams,2766,2026-09-21 20:46:21
docs/diagrams/user.dot.svg,user.dot.svg,.svg,diagrams,1937,2026-09-21 20:46:21
docs/diagrams/value domain.dot,value domain.dot,.dot,diagrams,841,2026-09-21 20:46:21
docs/diagrams/value domain.dot.png,value domain.dot.png,.png,diagrams,4600,2026-09-21 20:46:21
docs/diagrams/value domain.dot.svg,value domain.dot.svg,.svg,diagrams,1876,2026-09-21 20:46:21
docs/diagrams/vehicle equipment.dot,vehicle equipment.dot,.dot,diagrams,948,2026-09-21 20:46:22
docs/diagrams/vehicle equipment.dot.png,vehicle equipment.dot.png,.png,diagrams,7271,2026-09-21 20:46:22
docs/diagrams/vehicle equipment.dot.svg,vehicle equipment.dot.svg,.svg,diagrams,2185,2026-09-21 20:46:22
docs/diagrams/vehicle fuel type.dot,vehicle fuel type.dot,.dot,diagrams,942,2026-09-21 20:46:22
docs/diagrams/vehicle fuel type.dot.png,vehicle fuel type.dot.png,.png,diagrams,6496,2026-09-21 20:46:22
docs/diagrams/vehicle fuel type.dot.svg,vehicle fuel type.dot.svg,.svg,diagrams,2164,2026-09-21 20:46:22
docs/diagrams/vehicle identifier.dot,vehicle identifier.dot,.dot,diagrams,965,2026-09-21 20:46:22
docs/diagrams/vehicle identifier.dot.png,vehicle identifier.dot.png,.png,diagrams,7787,2026-09-21 20:46:22
docs/diagrams/vehicle identifier.dot.svg,vehicle identifier.dot.svg,.svg,diagrams,2191,2026-09-21 20:46:22
docs/diagrams/vehicle input device.dot,vehicle input device.dot,.dot,diagrams,885,2026-09-21 20:46:22
docs/diagrams/vehicle input device.dot.png,vehicle input device.dot.png,.png,diagrams,4961,2026-09-21 20:46:22
docs/diagrams/vehicle input device.dot.svg,vehicle input device.dot.svg,.svg,diagrams,1969,2026-09-21 20:46:22
docs/diagrams/vehicle load type.dot,vehicle load type.dot,.dot,diagrams,945,2026-09-21 20:46:22
docs/diagrams/vehicle load type.dot.png,vehicle load type.dot.png,.png,diagrams,7342,2026-09-21 20:46:22
docs/diagrams/vehicle load type.dot.svg,vehicle load type.dot.svg,.svg,diagrams,2169,2026-09-21 20:46:22
docs/diagrams/vehicle occupant.dot,vehicle occupant.dot,.dot,diagrams,1234,2026-09-21 20:46:22
docs/diagrams/vehicle occupant.dot.png,vehicle occupant.dot.png,.png,diagrams,11563,2026-09-21 20:46:22
docs/diagrams/vehicle occupant.dot.svg,vehicle occupant.dot.svg,.svg,diagrams,3175,2026-09-21 20:46:22
docs/diagrams/vehicle registration plate identifier.dot,vehicle registration plate identifier.dot,.dot,diagrams,1065,2026-09-21 20:46:22
docs/diagrams/vehicle registration plate identifier.dot.png,vehicle registration plate identifier.dot.png,.png,diagrams,9518,2026-09-21 20:46:23
docs/diagrams/vehicle registration plate identifier.dot.svg,vehicle registration plate identifier.dot.svg,.svg,diagrams,2328,2026-09-21 20:46:22
docs/diagrams/vehicle sharing.dot,vehicle sharing.dot,.dot,diagrams,994,2026-09-21 20:46:23
docs/diagrams/vehicle sharing.dot.png,vehicle sharing.dot.png,.png,diagrams,7896,2026-09-21 20:46:23
docs/diagrams/vehicle sharing.dot.svg,vehicle sharing.dot.svg,.svg,diagrams,2211,2026-09-21 20:46:23
docs/diagrams/vehicle system.dot,vehicle system.dot,.dot,diagrams,853,2026-09-21 20:46:23
docs/diagrams/vehicle system.dot.png,vehicle system.dot.png,.png,diagrams,4729,2026-09-21 20:46:23
docs/diagrams/vehicle system.dot.svg,vehicle system.dot.svg,.svg,diagrams,1900,2026-09-21 20:46:23
docs/diagrams/vehicle.dot,vehicle.dot,.dot,diagrams,3654,2026-09-21 20:46:22
docs/diagrams/vehicle.dot.png,vehicle.dot.png,.png,diagrams,46145,2026-09-21 20:46:22
docs/diagrams/vehicle.dot.svg,vehicle.dot.svg,.svg,diagrams,11457,2026-09-21 20:46:22
docs/diagrams/verge.dot,verge.dot,.dot,diagrams,565,2026-09-21 20:46:23
docs/diagrams/verge.dot.png,verge.dot.png,.png,diagrams,1424,2026-09-21 20:46:23
docs/diagrams/verge.dot.svg,verge.dot.svg,.svg,diagrams,1107,2026-09-21 20:46:23
docs/diagrams/vulnerability.dot,vulnerability.dot,.dot,diagrams,597,2026-09-21 20:46:23
docs/diagrams/vulnerability.dot.png,vulnerability.dot.png,.png,diagrams,2184,2026-09-21 20:46:23
docs/diagrams/vulnerability.dot.svg,vulnerability.dot.svg,.svg,diagrams,1146,2026-09-21 20:46:23
docs/diagrams/vulnerable road user.dot,vulnerable road user.dot,.dot,diagrams,861,2026-09-21 20:46:23
docs/diagrams/vulnerable road user.dot.png,vulnerable road user.dot.png,.png,diagrams,5203,2026-09-21 20:46:23
docs/diagrams/vulnerable road user.dot.svg,vulnerable road user.dot.svg,.svg,diagrams,1941,2026-09-21 20:46:23
docs/diagrams/wheel.dot,wheel.dot,.dot,diagrams,843,2026-09-21 20:46:23
docs/diagrams/wheel.dot.png,wheel.dot.png,.png,diagrams,3414,2026-09-21 20:46:23
docs/diagrams/wheel.dot.svg,wheel.dot.svg,.svg,diagrams,1968,2026-09-21 20:46:23
docs/entityTerms-pattern.ttl,entityTerms-pattern.ttl,.ttl,.,2653,2026-07-01 19:52:47
docs/facilityTerms-pattern.ttl,facilityTerms-pattern.ttl,.ttl,.,2424,2026-07-01 19:52:47
docs/fieldPhysicalObjectTerms-pattern.ttl,fieldPhysicalObjectTerms-pattern.ttl,.ttl,.,5929,2026-07-01 19:52:47
docs/financialModelTerms-pattern.ttl,financialModelTerms-pattern.ttl,.ttl,.,5176,2026-07-01 19:52:47
docs/financialTerms-group.ttl,financialTerms-group.ttl,.ttl,.,663,2026-07-01 19:52:47
docs/generalArchitectureTerms-pattern.ttl,generalArchitectureTerms-pattern.ttl,.ttl,.,7756,2026-07-01 19:52:47
docs/generalSystemTerms-pattern.ttl,generalSystemTerms-pattern.ttl,.ttl,.,5497,2026-07-01 19:52:47
docs/genericServiceTerms-pattern.ttl,genericServiceTerms-pattern.ttl,.ttl,.,2789,2026-09-21 16:50:12
docs/guides/index.md,index.md,.md,guides,4834,2026-07-22 02:54:30
docs/guides/naming-conventions.md,naming-conventions.md,.md,guides,6574,2026-07-22 13:53:04
docs/guides/ontology-formats.md,ontology-formats.md,.md,guides,6614,2026-07-22 13:53:02
docs/guides/turtle.md,turtle.md,.md,guides,5061,2026-07-22 02:37:27
docs/images/alt_mode_x_section.png,alt_mode_x_section.png,.png,images,41899,2026-07-01 19:52:47
docs/images/alt_mode_x_section.pptx,alt_mode_x_section.pptx,.pptx,images,383726,2026-07-01 19:52:47
docs/images/cross_section.png,cross_section.png,.png,images,60303,2026-07-01 19:52:47
docs/images/cross_section.pptx,cross_section.pptx,.pptx,images,432097,2026-07-01 19:52:47
docs/images/hardstanding.png,hardstanding.png,.png,images,1989510,2026-07-01 19:52:47
docs/index.md,index.md,.md,.,872,2026-09-21 20:46:23
docs/informationSecurityTerms-pattern.ttl,informationSecurityTerms-pattern.ttl,.ttl,.,6062,2026-07-01 19:52:47
docs/infrastructureOperatingModeTerms-pattern.ttl,infrastructureOperatingModeTerms-pattern.ttl,.ttl,.,1812,2026-07-01 19:52:47
docs/infrastructureTerms-group.ttl,infrastructureTerms-group.ttl,.ttl,.,1070,2026-07-01 19:52:47
docs/its-sApplicationProcessTerms-pattern.ttl,its-sApplicationProcessTerms-pattern.ttl,.ttl,.,4555,2026-07-01 19:52:47
docs/its-station-pattern.ttl,its-station-pattern.ttl,.ttl,.,2885,2026-07-01 19:52:47
docs/its-suServiceTerms-pattern.ttl,its-suServiceTerms-pattern.ttl,.ttl,.,4435,2026-09-21 16:49:18
docs/itsApplicationTerms-pattern.ttl,itsApplicationTerms-pattern.ttl,.ttl,.,5903,2026-09-21 15:49:07
docs/itsServiceTerms-pattern.ttl,itsServiceTerms-pattern.ttl,.ttl,.,3987,2026-09-21 15:32:40
docs/itsStationTerms-pattern.ttl,itsStationTerms-pattern.ttl,.ttl,.,7992,2026-09-21 17:14:19
docs/itsVocabulary.ttl,itsVocabulary.ttl,.ttl,.,2312,2026-07-01 19:52:47
docs/javascripts/tablesort.js,tablesort.js,.js,javascripts,183,2025-12-04 17:20:22
docs/junctionTerms-pattern.ttl,junctionTerms-pattern.ttl,.ttl,.,6409,2026-07-01 19:52:47
docs/jurisdictionalTerms-pattern.ttl,jurisdictionalTerms-pattern.ttl,.ttl,.,5142,2026-07-01 19:52:47
docs/kerbsideUsageTerms-pattern.ttl,kerbsideUsageTerms-pattern.ttl,.ttl,.,4639,2026-07-01 19:52:47
docs/locationReferencingTerms-pattern.ttl,locationReferencingTerms-pattern.ttl,.ttl,.,6390,2026-07-01 19:52:47
docs/locationTerms-group.ttl,locationTerms-group.ttl,.ttl,.,759,2026-07-01 19:52:47
docs/locationTypeTerms-pattern.ttl,locationTypeTerms-pattern.ttl,.ttl,.,5907,2026-07-01 19:52:47
docs/networkModelTerms-pattern.ttl,networkModelTerms-pattern.ttl,.ttl,.,2411,2026-07-22 14:34:22
docs/operationalModelTerms-pattern.ttl,operationalModelTerms-pattern.ttl,.ttl,.,3638,2026-07-01 19:52:47
docs/paymentTerms-pattern.ttl,paymentTerms-pattern.ttl,.ttl,.,1913,2026-07-01 19:52:47
docs/personalPhysicalObjectTerms-pattern.ttl,personalPhysicalObjectTerms-pattern.ttl,.ttl,.,2784,2026-07-01 19:52:47
docs/physicalTrafficSeparatorTerms-pattern.ttl,physicalTrafficSeparatorTerms-pattern.ttl,.ttl,.,3293,2026-07-01 19:52:47
docs/python/README.md,README.md,.md,python,8351,2026-07-22 18:23:49
docs/python/diagram_generator.py,diagram_generator.py,.py,python,24022,2026-07-01 19:52:47
docs/python/fields.py,fields.py,.py,python,2005,2026-07-01 19:52:47
docs/python/markdown_generator.py,markdown_generator.py,.py,python,28127,2026-07-22 18:23:49
docs/python/ontology_processor_ttl.py,ontology_processor_ttl.py,.py,python,22276,2026-07-01 19:52:47
docs/python/split_ontology.py,split_ontology.py,.py,python,23035,2026-07-01 19:52:47
docs/python/ttl2mkdocs.py,ttl2mkdocs.py,.py,python,8783,2026-07-01 19:52:47
docs/python/utils.py,utils.py,.py,python,24674,2026-07-01 19:52:47
docs/roadEquipmentTerms-pattern.ttl,roadEquipmentTerms-pattern.ttl,.ttl,.,1813,2026-07-01 19:52:47
docs/roadNetworkTerms-pattern.ttl,roadNetworkTerms-pattern.ttl,.ttl,.,9374,2026-07-01 19:52:47
docs/roadReservationComponentTerms-pattern.ttl,roadReservationComponentTerms-pattern.ttl,.ttl,.,18167,2026-07-22 14:41:45
docs/serviceTerms-group.ttl,serviceTerms-group.ttl,.ttl,.,1179,2026-07-01 19:52:47
docs/sharedTransportServiceTerms-pattern.ttl,sharedTransportServiceTerms-pattern.ttl,.ttl,.,5857,2026-07-01 19:52:47
docs/sharedVehicleTerms-pattern.ttl,sharedVehicleTerms-pattern.ttl,.ttl,.,1619,2026-07-01 19:52:47
docs/stylesheets/extra.css,extra.css,.css,stylesheets,5421,2026-07-01 19:52:47
docs/stylesheets/pdf.css,pdf.css,.css,stylesheets,3554,2025-12-04 17:20:22
docs/supportPhysicalObjectTerms-pattern.ttl,supportPhysicalObjectTerms-pattern.ttl,.ttl,.,1506,2026-07-01 19:52:47
docs/systemEngineeringTerms-pattern.ttl,systemEngineeringTerms-pattern.ttl,.ttl,.,1809,2026-07-10 14:49:34
docs/technologyTerms-group.ttl,technologyTerms-group.ttl,.ttl,.,1116,2026-07-01 19:52:47
docs/terms/ADS-dedicated vehicle.md,ADS-dedicated vehicle.md,.md,terms,939,2026-09-21 20:45:33
docs/terms/ADS-equipped vehicle.md,ADS-equipped vehicle.md,.md,terms,2850,2026-09-21 20:45:34
docs/terms/ADS.md,ADS.md,.md,terms,2036,2026-09-21 20:45:33
docs/terms/B2C mobility sharing app.md,B2C mobility sharing app.md,.md,terms,1038,2026-09-21 20:45:36
docs/terms/DDT performance-relevant system failure.md,DDT performance-relevant system failure.md,.md,terms,1214,2026-09-21 20:45:41
docs/terms/ISO named area.md,ISO named area.md,.md,terms,813,2026-09-21 20:45:52
docs/terms/ITS application role.md,ITS application role.md,.md,terms,1044,2026-09-21 20:45:52
docs/terms/ITS application specification.md,ITS application specification.md,.md,terms,1091,2026-09-21 20:45:52
docs/terms/ITS application.md,ITS application.md,.md,terms,1876,2026-09-21 20:45:52
docs/terms/ITS component.md,ITS component.md,.md,terms,6129,2026-09-21 20:45:52
docs/terms/ITS deployment architecture.md,ITS deployment architecture.md,.md,terms,982,2026-09-21 20:45:52
docs/terms/ITS deployment.md,ITS deployment.md,.md,terms,1103,2026-09-21 20:45:52
docs/terms/ITS implementation.md,ITS implementation.md,.md,terms,1383,2026-09-21 20:45:52
docs/terms/ITS on-board equipment.md,ITS on-board equipment.md,.md,terms,1546,2026-09-21 20:45:53
docs/terms/ITS on-board unit.md,ITS on-board unit.md,.md,terms,1164,2026-09-21 20:45:53
docs/terms/ITS planning architecture.md,ITS planning architecture.md,.md,terms,911,2026-09-21 20:45:53
docs/terms/ITS reference architecture.md,ITS reference architecture.md,.md,terms,1368,2026-09-21 20:45:53
docs/terms/ITS roadside equipment.md,ITS roadside equipment.md,.md,terms,2255,2026-09-21 20:45:53
docs/terms/ITS service provider.md,ITS service provider.md,.md,terms,1216,2026-09-21 20:45:53
docs/terms/ITS service.md,ITS service.md,.md,terms,1597,2026-09-21 20:45:53
docs/terms/ITS station.md,ITS station.md,.md,terms,2380,2026-09-21 20:45:54
docs/terms/ITS trust domain.md,ITS trust domain.md,.md,terms,925,2026-09-21 20:45:54
docs/terms/ITS user need.md,ITS user need.md,.md,terms,1190,2026-09-21 20:45:54
docs/terms/ITS user.md,ITS user.md,.md,terms,1012,2026-09-21 20:45:54
docs/terms/ITS-S access layer.md,ITS-S access layer.md,.md,terms,1515,2026-09-21 20:45:54
docs/terms/ITS-S application implementation.md,ITS-S application implementation.md,.md,terms,3218,2026-09-21 20:45:54
docs/terms/ITS-S application installation.md,ITS-S application installation.md,.md,terms,1088,2026-09-21 20:45:54
docs/terms/ITS-S application process installation.md,ITS-S application process installation.md,.md,terms,1690,2026-09-21 20:45:55
docs/terms/ITS-S application process.md,ITS-S application process.md,.md,terms,1757,2026-09-21 20:45:55
docs/terms/ITS-S application.md,ITS-S application.md,.md,terms,977,2026-09-21 20:45:54
docs/terms/ITS-S communication unit.md,ITS-S communication unit.md,.md,terms,1423,2026-09-21 20:45:55
docs/terms/ITS-S host.md,ITS-S host.md,.md,terms,1301,2026-09-21 20:45:55
docs/terms/ITS-S node.md,ITS-S node.md,.md,terms,1504,2026-09-21 20:45:55
docs/terms/ITS-S reference architecture.md,ITS-S reference architecture.md,.md,terms,1367,2026-09-21 20:45:55
docs/terms/ITS-S router.md,ITS-S router.md,.md,terms,975,2026-09-21 20:45:55
docs/terms/ITS-S service.md,ITS-S service.md,.md,terms,1286,2026-09-21 20:45:55
docs/terms/ITS-S unit.md,ITS-S unit.md,.md,terms,1613,2026-09-21 20:45:56
docs/terms/ITS-SU service provider.md,ITS-SU service provider.md,.md,terms,1116,2026-09-21 20:45:56
docs/terms/ITS-SU service.md,ITS-SU service.md,.md,terms,1374,2026-09-21 20:45:56
docs/terms/ITS-SU user need.md,ITS-SU user need.md,.md,terms,1069,2026-09-21 20:45:56
docs/terms/ITS-SU user.md,ITS-SU user.md,.md,terms,1080,2026-09-21 20:45:56
docs/terms/Jersey barrier.md,Jersey barrier.md,.md,terms,1241,2026-09-21 20:45:56
docs/terms/P2P mobility sharing app.md,P2P mobility sharing app.md,.md,terms,1329,2026-09-21 20:46:05
docs/terms/access layer.md,access layer.md,.md,terms,1512,2026-09-21 20:45:33
docs/terms/actuator.md,actuator.md,.md,terms,864,2026-09-21 20:45:33
docs/terms/alley.md,alley.md,.md,terms,1058,2026-09-21 20:45:34
docs/terms/anonymized vehicle reference.md,anonymized vehicle reference.md,.md,terms,1089,2026-09-21 20:45:34
docs/terms/application entity.md,application entity.md,.md,terms,1378,2026-09-21 20:45:34
docs/terms/application template.md,application template.md,.md,terms,998,2026-09-21 20:45:34
docs/terms/architecture description.md,architecture description.md,.md,terms,1132,2026-09-21 20:45:34
docs/terms/architecture framework.md,architecture framework.md,.md,terms,1349,2026-09-21 20:45:35
docs/terms/architecture model.md,architecture model.md,.md,terms,833,2026-09-21 20:45:35
docs/terms/architecture view.md,architecture view.md,.md,terms,1643,2026-09-21 20:45:35
docs/terms/architecture viewpoint.md,architecture viewpoint.md,.md,terms,2312,2026-09-21 20:45:35
docs/terms/architecture.md,architecture.md,.md,terms,2820,2026-09-21 20:45:34
docs/terms/area destination.md,area destination.md,.md,terms,844,2026-09-21 20:45:35
docs/terms/area location.md,area location.md,.md,terms,1339,2026-09-21 20:45:35
docs/terms/authentication.md,authentication.md,.md,terms,833,2026-09-21 20:45:35
docs/terms/authenticator.md,authenticator.md,.md,terms,794,2026-09-21 20:45:35
docs/terms/bikesharing service.md,bikesharing service.md,.md,terms,1053,2026-09-21 20:45:36
docs/terms/biological entity.md,biological entity.md,.md,terms,1002,2026-09-21 20:45:36
docs/terms/block-face.md,block-face.md,.md,terms,947,2026-09-21 20:45:36
docs/terms/bounded secured managed domain.md,bounded secured managed domain.md,.md,terms,1782,2026-09-21 20:45:36
docs/terms/bridge.md,bridge.md,.md,terms,1131,2026-09-21 20:45:36
docs/terms/built-in vehicle input device.md,built-in vehicle input device.md,.md,terms,1529,2026-09-21 20:45:36
docs/terms/campus.md,campus.md,.md,terms,1588,2026-09-21 20:45:37
docs/terms/carriageway.md,carriageway.md,.md,terms,1720,2026-09-21 20:45:37
docs/terms/carsharing service.md,carsharing service.md,.md,terms,1037,2026-09-21 20:45:37
docs/terms/central reservation.md,central reservation.md,.md,terms,1191,2026-09-21 20:45:37
docs/terms/central system.md,central system.md,.md,terms,2968,2026-09-21 20:45:37
docs/terms/class.md,class.md,.md,terms,1392,2026-09-21 20:45:37
docs/terms/commercial.md,commercial.md,.md,terms,831,2026-09-21 20:45:37
docs/terms/communications view.md,communications view.md,.md,terms,1126,2026-09-21 20:45:37
docs/terms/communications viewpoint.md,communications viewpoint.md,.md,terms,1093,2026-09-21 20:45:38
docs/terms/concept_registry.md,concept_registry.md,.md,terms,68998,2026-09-21 20:45:33
docs/terms/concern.md,concern.md,.md,terms,1040,2026-09-21 20:45:38
docs/terms/concurrent.md,concurrent.md,.md,terms,1917,2026-09-21 20:45:38
docs/terms/connected unit.md,connected unit.md,.md,terms,1458,2026-09-21 20:45:38
docs/terms/connected vehicle roadside equipment.md,connected vehicle roadside equipment.md,.md,terms,1989,2026-09-21 20:45:38
docs/terms/connected vehicle.md,connected vehicle.md,.md,terms,914,2026-09-21 20:45:38
docs/terms/connected.md,connected.md,.md,terms,1227,2026-09-21 20:45:38
docs/terms/contractual model.md,contractual model.md,.md,terms,1727,2026-09-21 20:45:38
docs/terms/control.md,control.md,.md,terms,673,2026-09-21 20:45:39
docs/terms/conventional vehicle.md,conventional vehicle.md,.md,terms,1008,2026-09-21 20:45:39
docs/terms/cooperative ITS credentials management system.md,cooperative ITS credentials management system.md,.md,terms,1248,2026-09-21 20:45:39
docs/terms/cooperative ITS.md,cooperative ITS.md,.md,terms,995,2026-09-21 20:45:39
docs/terms/cooperative.md,cooperative.md,.md,terms,1672,2026-09-21 20:45:39
docs/terms/coordinate tuple.md,coordinate tuple.md,.md,terms,1337,2026-09-21 20:45:39
docs/terms/corporate customer model.md,corporate customer model.md,.md,terms,1172,2026-09-21 20:45:39
docs/terms/courier network service.md,courier network service.md,.md,terms,1201,2026-09-21 20:45:40
docs/terms/cross-section.md,cross-section.md,.md,terms,1049,2026-09-21 20:45:40
docs/terms/cryptography.md,cryptography.md,.md,terms,870,2026-09-21 20:45:40
docs/terms/cycle lane.md,cycle lane.md,.md,terms,1290,2026-09-21 20:45:40
docs/terms/cycleway.md,cycleway.md,.md,terms,1211,2026-09-21 20:45:40
docs/terms/data concept registry.md,data concept registry.md,.md,terms,1555,2026-09-21 20:45:40
docs/terms/data concept.md,data concept.md,.md,terms,2568,2026-09-21 20:45:40
docs/terms/data dictionary.md,data dictionary.md,.md,terms,1204,2026-09-21 20:45:40
docs/terms/data element.md,data element.md,.md,terms,1353,2026-09-21 20:45:41
docs/terms/data flow.md,data flow.md,.md,terms,748,2026-09-21 20:45:41
docs/terms/data frame.md,data frame.md,.md,terms,1152,2026-09-21 20:45:41
docs/terms/data privacy.md,data privacy.md,.md,terms,819,2026-09-21 20:45:41
docs/terms/deployment architecture.md,deployment architecture.md,.md,terms,1220,2026-09-21 20:45:41
docs/terms/design speed.md,design speed.md,.md,terms,1136,2026-09-21 20:45:41
docs/terms/design.md,design.md,.md,terms,1244,2026-09-21 20:45:41
docs/terms/designated parking space.md,designated parking space.md,.md,terms,1615,2026-09-21 20:45:42
docs/terms/digital signature.md,digital signature.md,.md,terms,822,2026-09-21 20:45:42
docs/terms/disconnected.md,disconnected.md,.md,terms,1237,2026-09-21 20:45:42
docs/terms/document.md,document.md,.md,terms,996,2026-09-21 20:45:42
docs/terms/driver support system.md,driver support system.md,.md,terms,2096,2026-09-21 20:45:42
docs/terms/driver.md,driver.md,.md,terms,1770,2026-09-21 20:45:42
docs/terms/driving automation system.md,driving automation system.md,.md,terms,4036,2026-09-21 20:45:42
docs/terms/driving space.md,driving space.md,.md,terms,1433,2026-09-21 20:45:42
docs/terms/dual carriageway.md,dual carriageway.md,.md,terms,1460,2026-09-21 20:45:43
docs/terms/dual-mode vehicle.md,dual-mode vehicle.md,.md,terms,1042,2026-09-21 20:45:43
docs/terms/duration.md,duration.md,.md,terms,755,2026-09-21 20:45:43
docs/terms/dynamic driving task.md,dynamic driving task.md,.md,terms,1335,2026-09-21 20:45:43
docs/terms/dynamic route.md,dynamic route.md,.md,terms,1241,2026-09-21 20:45:43
docs/terms/dynamic spatial reference.md,dynamic spatial reference.md,.md,terms,1034,2026-09-21 20:45:43
docs/terms/egress lane.md,egress lane.md,.md,terms,806,2026-09-21 20:45:43
docs/terms/egress link.md,egress link.md,.md,terms,798,2026-09-21 20:45:43
docs/terms/element.md,element.md,.md,terms,786,2026-09-21 20:45:44
docs/terms/emergency management central system.md,emergency management central system.md,.md,terms,1127,2026-09-21 20:45:44
docs/terms/enterprise object.md,enterprise object.md,.md,terms,808,2026-09-21 20:45:44
docs/terms/enterprise view.md,enterprise view.md,.md,terms,1070,2026-09-21 20:45:44
docs/terms/enterprise viewpoint.md,enterprise viewpoint.md,.md,terms,1074,2026-09-21 20:45:44
docs/terms/entity.md,entity.md,.md,terms,8171,2026-09-21 20:45:44
docs/terms/environment.md,environment.md,.md,terms,1017,2026-09-21 20:45:44
docs/terms/escalator.md,escalator.md,.md,terms,845,2026-09-21 20:45:44
docs/terms/extend.md,extend.md,.md,terms,978,2026-09-21 20:45:45
docs/terms/facilities layer.md,facilities layer.md,.md,terms,1401,2026-09-21 20:45:45
docs/terms/fallback-ready user.md,fallback-ready user.md,.md,terms,1173,2026-09-21 20:45:45
docs/terms/fallback.md,fallback.md,.md,terms,1459,2026-09-21 20:45:45
docs/terms/field support equipment.md,field support equipment.md,.md,terms,1057,2026-09-21 20:45:45
docs/terms/field system.md,field system.md,.md,terms,2347,2026-09-21 20:45:45
docs/terms/financial model.md,financial model.md,.md,terms,1953,2026-09-21 20:45:45
docs/terms/fixed route.md,fixed route.md,.md,terms,946,2026-09-21 20:45:45
docs/terms/fleet and freight management central system.md,fleet and freight management central system.md,.md,terms,1175,2026-09-21 20:45:46
docs/terms/footpath.md,footpath.md,.md,terms,2233,2026-09-21 20:45:46
docs/terms/formal coordination.md,formal coordination.md,.md,terms,1208,2026-09-21 20:45:46
docs/terms/fractional ownership.md,fractional ownership.md,.md,terms,1024,2026-09-21 20:45:46
docs/terms/free-floating.md,free-floating.md,.md,terms,1079,2026-09-21 20:45:46
docs/terms/function.md,function.md,.md,terms,928,2026-09-21 20:45:46
docs/terms/functional object.md,functional object.md,.md,terms,1506,2026-09-21 20:45:46
docs/terms/functional view.md,functional view.md,.md,terms,1003,2026-09-21 20:45:47
docs/terms/functional viewpoint.md,functional viewpoint.md,.md,terms,1096,2026-09-21 20:45:47
docs/terms/gazetteer.md,gazetteer.md,.md,terms,1195,2026-09-21 20:45:47
docs/terms/geographic descriptor.md,geographic descriptor.md,.md,terms,934,2026-09-21 20:45:47
docs/terms/geographic feature.md,geographic feature.md,.md,terms,1196,2026-09-21 20:45:47
docs/terms/geographic identifier.md,geographic identifier.md,.md,terms,1369,2026-09-21 20:45:47
docs/terms/geographic point location.md,geographic point location.md,.md,terms,1119,2026-09-21 20:45:47
docs/terms/government customer model.md,government customer model.md,.md,terms,1075,2026-09-21 20:45:47
docs/terms/governmental area.md,governmental area.md,.md,terms,1241,2026-09-21 20:45:48
docs/terms/grade separated manoeuvre.md,grade separated manoeuvre.md,.md,terms,968,2026-09-21 20:45:48
docs/terms/gross vehicle mass rating.md,gross vehicle mass rating.md,.md,terms,1096,2026-09-21 20:45:48
docs/terms/gross vehicle mass.md,gross vehicle mass.md,.md,terms,1052,2026-09-21 20:45:48
docs/terms/groups/Core Terms.md,Core Terms.md,.md,terms/groups,1514,2026-09-21 20:45:33
docs/terms/groups/Financial Terms.md,Financial Terms.md,.md,terms/groups,355,2026-09-21 20:45:33
docs/terms/groups/Infrastructure Terms.md,Infrastructure Terms.md,.md,terms/groups,1070,2026-09-21 20:45:33
docs/terms/groups/Location Terms.md,Location Terms.md,.md,terms/groups,518,2026-09-21 20:45:33
docs/terms/groups/Service Terms.md,Service Terms.md,.md,terms/groups,1240,2026-09-21 20:45:33
docs/terms/groups/Technology Terms.md,Technology Terms.md,.md,terms/groups,1153,2026-09-21 20:45:33
docs/terms/groups/User Terms.md,User Terms.md,.md,terms/groups,410,2026-09-21 20:45:33
docs/terms/groups/Vehicle Terms.md,Vehicle Terms.md,.md,terms/groups,771,2026-09-21 20:45:33
docs/terms/hard shoulder for emergency use.md,hard shoulder for emergency use.md,.md,terms,1190,2026-09-21 20:45:48
docs/terms/hard shoulder running.md,hard shoulder running.md,.md,terms,1028,2026-09-21 20:45:48
docs/terms/hard shoulder.md,hard shoulder.md,.md,terms,1118,2026-09-21 20:45:48
docs/terms/hardstanding.md,hardstanding.md,.md,terms,1156,2026-09-21 20:45:48
docs/terms/high vehicle speed.md,high vehicle speed.md,.md,terms,1002,2026-09-21 20:45:49
docs/terms/high-speed vehicle.md,high-speed vehicle.md,.md,terms,958,2026-09-21 20:45:49
docs/terms/immaterial entity.md,immaterial entity.md,.md,terms,862,2026-09-21 20:45:49
docs/terms/implementation.md,implementation.md,.md,terms,1152,2026-09-21 20:45:49
docs/terms/in-vehicle driver.md,in-vehicle driver.md,.md,terms,1108,2026-09-21 20:45:49
docs/terms/include.md,include.md,.md,terms,949,2026-09-21 20:45:49
docs/terms/informal coordination.md,informal coordination.md,.md,terms,1106,2026-09-21 20:45:49
docs/terms/information flow.md,information flow.md,.md,terms,757,2026-09-21 20:45:50
docs/terms/information security event.md,information security event.md,.md,terms,875,2026-09-21 20:45:50
docs/terms/information security incident.md,information security incident.md,.md,terms,951,2026-09-21 20:45:50
docs/terms/information transfer.md,information transfer.md,.md,terms,1311,2026-09-21 20:45:50
docs/terms/infrastructure descriptor.md,infrastructure descriptor.md,.md,terms,960,2026-09-21 20:45:50
docs/terms/ingress lane.md,ingress lane.md,.md,terms,817,2026-09-21 20:45:50
docs/terms/ingress link.md,ingress link.md,.md,terms,810,2026-09-21 20:45:50
docs/terms/instance.md,instance.md,.md,terms,961,2026-09-21 20:45:50
docs/terms/instant.md,instant.md,.md,terms,887,2026-09-21 20:45:51
docs/terms/intelligent transport system.md,intelligent transport system.md,.md,terms,1987,2026-09-21 20:45:51
docs/terms/interaction.md,interaction.md,.md,terms,1562,2026-09-21 20:45:51
docs/terms/interchange.md,interchange.md,.md,terms,1255,2026-09-21 20:45:51
docs/terms/interface dialogue.md,interface dialogue.md,.md,terms,1128,2026-09-21 20:45:51
docs/terms/interoperability design.md,interoperability design.md,.md,terms,1148,2026-09-21 20:45:51
docs/terms/intersection manoeuvre.md,intersection manoeuvre.md,.md,terms,1335,2026-09-21 20:45:51
docs/terms/intersection.md,intersection.md,.md,terms,2060,2026-09-21 20:45:51
docs/terms/junction at grade.md,junction at grade.md,.md,terms,956,2026-09-21 20:45:56
docs/terms/junction.md,junction.md,.md,terms,1438,2026-09-21 20:45:56
docs/terms/jurisdiction.md,jurisdiction.md,.md,terms,691,2026-09-21 20:45:57
docs/terms/jurisdictional area.md,jurisdictional area.md,.md,terms,1522,2026-09-21 20:45:57
docs/terms/jurisdictional boundary.md,jurisdictional boundary.md,.md,terms,1023,2026-09-21 20:45:57
docs/terms/jurisdictional entity.md,jurisdictional entity.md,.md,terms,1379,2026-09-21 20:45:57
docs/terms/kerb.md,kerb.md,.md,terms,895,2026-09-21 20:45:57
docs/terms/lane link.md,lane link.md,.md,terms,1182,2026-09-21 20:45:57
docs/terms/lane segment.md,lane segment.md,.md,terms,873,2026-09-21 20:45:58
docs/terms/lane.md,lane.md,.md,terms,2135,2026-09-21 20:45:57
docs/terms/lay-by.md,lay-by.md,.md,terms,1127,2026-09-21 20:45:58
docs/terms/level 1 driving automation.md,level 1 driving automation.md,.md,terms,1542,2026-09-21 20:45:58
docs/terms/level 2 driving automation.md,level 2 driving automation.md,.md,terms,1527,2026-09-21 20:45:58
docs/terms/level 3 ADS.md,level 3 ADS.md,.md,terms,1639,2026-09-21 20:45:58
docs/terms/level 4 ADS.md,level 4 ADS.md,.md,terms,1436,2026-09-21 20:45:58
docs/terms/level 5 ADS.md,level 5 ADS.md,.md,terms,1452,2026-09-21 20:45:58
docs/terms/linear location.md,linear location.md,.md,terms,1008,2026-09-21 20:45:59
docs/terms/link location.md,link location.md,.md,terms,894,2026-09-21 20:45:59
docs/terms/link.md,link.md,.md,terms,1847,2026-09-21 20:45:59
docs/terms/loading area.md,loading area.md,.md,terms,961,2026-09-21 20:45:59
docs/terms/location referencing.md,location referencing.md,.md,terms,959,2026-09-21 20:45:59
docs/terms/location.md,location.md,.md,terms,1916,2026-09-21 20:45:59
docs/terms/low vehicle speed.md,low vehicle speed.md,.md,terms,1064,2026-09-21 20:45:59
docs/terms/low-speed vehicle.md,low-speed vehicle.md,.md,terms,1082,2026-09-21 20:46:00
docs/terms/maintenance and construction central management system.md,maintenance and construction central management system.md,.md,terms,1296,2026-09-21 20:46:00
docs/terms/management entity.md,management entity.md,.md,terms,1057,2026-09-21 20:46:00
docs/terms/map provision system.md,map provision system.md,.md,terms,998,2026-09-21 20:46:00
docs/terms/material entity.md,material entity.md,.md,terms,5995,2026-09-21 20:46:00
docs/terms/membership-based.md,membership-based.md,.md,terms,1283,2026-09-21 20:46:00
docs/terms/message.md,message.md,.md,terms,835,2026-09-21 20:46:00
docs/terms/meta-attribute.md,meta-attribute.md,.md,terms,899,2026-09-21 20:46:01
docs/terms/mobility app.md,mobility app.md,.md,terms,2732,2026-09-21 20:46:01
docs/terms/model kind.md,model kind.md,.md,terms,996,2026-09-21 20:46:01
docs/terms/moderate vehicle speed.md,moderate vehicle speed.md,.md,terms,1109,2026-09-21 20:46:01
docs/terms/moderate-speed vehicle.md,moderate-speed vehicle.md,.md,terms,1008,2026-09-21 20:46:01
docs/terms/moderately high-speed vehicle.md,moderately high-speed vehicle.md,.md,terms,1075,2026-09-21 20:46:01
docs/terms/moderately low-speed vehicle.md,moderately low-speed vehicle.md,.md,terms,1040,2026-09-21 20:46:01
docs/terms/moderately-high vehicle speed.md,moderately-high vehicle speed.md,.md,terms,1115,2026-09-21 20:46:02
docs/terms/moderately-low vehicle speed.md,moderately-low vehicle speed.md,.md,terms,1205,2026-09-21 20:46:02
docs/terms/module.md,module.md,.md,terms,834,2026-09-21 20:46:02
docs/terms/motor vehicle.md,motor vehicle.md,.md,terms,976,2026-09-21 20:46:02
docs/terms/motor.md,motor.md,.md,terms,898,2026-09-21 20:46:02
docs/terms/motorized vehicle.md,motorized vehicle.md,.md,terms,1131,2026-09-21 20:46:02
docs/terms/motorway.md,motorway.md,.md,terms,1060,2026-09-21 20:46:02
docs/terms/movable bridge.md,movable bridge.md,.md,terms,1077,2026-09-21 20:46:02
docs/terms/moving walkway.md,moving walkway.md,.md,terms,1121,2026-09-21 20:46:03
docs/terms/multiple carriageway.md,multiple carriageway.md,.md,terms,1522,2026-09-21 20:46:03
docs/terms/mutual benefit.md,mutual benefit.md,.md,terms,873,2026-09-21 20:46:03
docs/terms/navigation app.md,navigation app.md,.md,terms,911,2026-09-21 20:46:03
docs/terms/network location.md,network location.md,.md,terms,714,2026-09-21 20:46:03
docs/terms/network model.md,network model.md,.md,terms,1643,2026-09-21 20:46:03
docs/terms/node.md,node.md,.md,terms,1120,2026-09-21 20:46:03
docs/terms/nomadic device.md,nomadic device.md,.md,terms,1014,2026-09-21 20:46:03
docs/terms/nomadic vehicle device.md,nomadic vehicle device.md,.md,terms,1141,2026-09-21 20:46:04
docs/terms/nomadic vehicle input device.md,nomadic vehicle input device.md,.md,terms,1475,2026-09-21 20:46:04
docs/terms/non-biological entity.md,non-biological entity.md,.md,terms,884,2026-09-21 20:46:04
docs/terms/non-repudiation.md,non-repudiation.md,.md,terms,785,2026-09-21 20:46:04
docs/terms/non-road cycle.md,non-road cycle.md,.md,terms,887,2026-09-21 20:46:04
docs/terms/non-road vehicle.md,non-road vehicle.md,.md,terms,964,2026-09-21 20:46:04
docs/terms/objective.md,objective.md,.md,terms,670,2026-09-21 20:46:04
docs/terms/off-grid.md,off-grid.md,.md,terms,2027,2026-09-21 20:46:04
docs/terms/open-access.md,open-access.md,.md,terms,983,2026-09-21 20:46:05
docs/terms/operational design domain.md,operational design domain.md,.md,terms,1745,2026-09-21 20:46:05
docs/terms/operational model.md,operational model.md,.md,terms,2087,2026-09-21 20:46:05
docs/terms/paired on-demand.md,paired on-demand.md,.md,terms,1065,2026-09-21 20:46:05
docs/terms/parking space for permit holders.md,parking space for permit holders.md,.md,terms,1163,2026-09-21 20:46:05
docs/terms/parking space.md,parking space.md,.md,terms,1511,2026-09-21 20:46:05
docs/terms/passenger.md,passenger.md,.md,terms,878,2026-09-21 20:46:06
docs/terms/patterns/Alternate Mode Infrastructure Component Terms.md,Alternate Mode Infrastructure Component Terms.md,.md,terms/patterns,943,2026-09-21 20:45:33
docs/terms/patterns/Architecture Communication View Terms.md,Architecture Communication View Terms.md,.md,terms/patterns,857,2026-09-21 20:45:33
docs/terms/patterns/Architecture Enterprise View Terms.md,Architecture Enterprise View Terms.md,.md,terms/patterns,924,2026-09-21 20:45:33
docs/terms/patterns/Architecture Functional View Terms.md,Architecture Functional View Terms.md,.md,terms/patterns,637,2026-09-21 20:45:33
docs/terms/patterns/Architecture Physical View Terms.md,Architecture Physical View Terms.md,.md,terms/patterns,806,2026-09-21 20:45:33
docs/terms/patterns/Architecture Type Terms.md,Architecture Type Terms.md,.md,terms/patterns,911,2026-09-21 20:45:33
docs/terms/patterns/Architecture View Terms.md,Architecture View Terms.md,.md,terms/patterns,880,2026-09-21 20:45:33
docs/terms/patterns/Centre Physical Object Terms.md,Centre Physical Object Terms.md,.md,terms/patterns,1255,2026-09-21 20:45:33
docs/terms/patterns/Concept Realization Terms.md,Concept Realization Terms.md,.md,terms/patterns,711,2026-09-21 20:45:33
docs/terms/patterns/Contractual Model Terms.md,Contractual Model Terms.md,.md,terms/patterns,723,2026-09-21 20:45:33
docs/terms/patterns/Data Concept Management Terms.md,Data Concept Management Terms.md,.md,terms/patterns,651,2026-09-21 20:45:33
docs/terms/patterns/Data Concept Type Terms.md,Data Concept Type Terms.md,.md,terms/patterns,677,2026-09-21 20:45:33
docs/terms/patterns/Device Component Terms.md,Device Component Terms.md,.md,terms/patterns,480,2026-09-21 20:45:33
docs/terms/patterns/Entity Terms.md,Entity Terms.md,.md,terms/patterns,651,2026-09-21 20:45:33
docs/terms/patterns/Facility Terms.md,Facility Terms.md,.md,terms/patterns,591,2026-09-21 20:45:33
docs/terms/patterns/Field Physical Object Terms.md,Field Physical Object Terms.md,.md,terms/patterns,867,2026-09-21 20:45:33
docs/terms/patterns/Financial Model Terms.md,Financial Model Terms.md,.md,terms/patterns,833,2026-09-21 20:45:33
docs/terms/patterns/General Architecture Terms.md,General Architecture Terms.md,.md,terms/patterns,1006,2026-09-21 20:45:33
docs/terms/patterns/General System Terms.md,General System Terms.md,.md,terms/patterns,680,2026-09-21 20:45:33
docs/terms/patterns/Generic Service Terms.md,Generic Service Terms.md,.md,terms/patterns,560,2026-09-21 20:45:33
docs/terms/patterns/Information Security Terms.md,Information Security Terms.md,.md,terms/patterns,1259,2026-09-21 20:45:33
docs/terms/patterns/Infrastructure Operating Mode Terms.md,Infrastructure Operating Mode Terms.md,.md,terms/patterns,626,2026-09-21 20:45:33
docs/terms/patterns/Its Application Terms.md,Its Application Terms.md,.md,terms/patterns,782,2026-09-21 20:45:33
docs/terms/patterns/Its Service Terms.md,Its Service Terms.md,.md,terms/patterns,572,2026-09-21 20:45:33
docs/terms/patterns/Its Station Terms.md,Its Station Terms.md,.md,terms/patterns,820,2026-09-21 20:45:33
docs/terms/patterns/Its-s Application Process Terms.md,Its-s Application Process Terms.md,.md,terms/patterns,918,2026-09-21 20:45:33
docs/terms/patterns/Its-su Service Terms.md,Its-su Service Terms.md,.md,terms/patterns,662,2026-09-21 20:45:33
docs/terms/patterns/Junction Terms.md,Junction Terms.md,.md,terms/patterns,900,2026-09-21 20:45:33
docs/terms/patterns/Jurisdictional Terms.md,Jurisdictional Terms.md,.md,terms/patterns,784,2026-09-21 20:45:33
docs/terms/patterns/Kerbside Usage Terms.md,Kerbside Usage Terms.md,.md,terms/patterns,808,2026-09-21 20:45:33
docs/terms/patterns/Location Referencing Terms.md,Location Referencing Terms.md,.md,terms/patterns,1054,2026-09-21 20:45:33
docs/terms/patterns/Location Type Terms.md,Location Type Terms.md,.md,terms/patterns,1007,2026-09-21 20:45:33
docs/terms/patterns/Network Model Terms.md,Network Model Terms.md,.md,terms/patterns,623,2026-09-21 20:45:33
docs/terms/patterns/Operational Model Terms.md,Operational Model Terms.md,.md,terms/patterns,702,2026-09-21 20:45:33
docs/terms/patterns/Payment Terms.md,Payment Terms.md,.md,terms/patterns,452,2026-09-21 20:45:33
docs/terms/patterns/Personal Physical Object Terms.md,Personal Physical Object Terms.md,.md,terms/patterns,715,2026-09-21 20:45:33
docs/terms/patterns/Physical Traffic Separator Terms.md,Physical Traffic Separator Terms.md,.md,terms/patterns,683,2026-09-21 20:45:33
docs/terms/patterns/Road Equipment Terms.md,Road Equipment Terms.md,.md,terms/patterns,519,2026-09-21 20:45:33
docs/terms/patterns/Road Network Terms.md,Road Network Terms.md,.md,terms/patterns,1008,2026-09-21 20:45:33
docs/terms/patterns/Road Reservation Component Terms.md,Road Reservation Component Terms.md,.md,terms/patterns,1476,2026-09-21 20:45:33
docs/terms/patterns/Shared Transport Service Terms.md,Shared Transport Service Terms.md,.md,terms/patterns,858,2026-09-21 20:45:33
docs/terms/patterns/Shared Vehicle Terms.md,Shared Vehicle Terms.md,.md,terms/patterns,510,2026-09-21 20:45:33
docs/terms/patterns/Support Physical Object Terms.md,Support Physical Object Terms.md,.md,terms/patterns,614,2026-09-21 20:45:33
docs/terms/patterns/System Engineering Terms.md,System Engineering Terms.md,.md,terms/patterns,516,2026-09-21 20:45:33
docs/terms/patterns/Time Terms.md,Time Terms.md,.md,terms/patterns,410,2026-09-21 20:45:33
docs/terms/patterns/Top-level Physical Object Terms.md,Top-level Physical Object Terms.md,.md,terms/patterns,707,2026-09-21 20:45:33
docs/terms/patterns/Transport Service Application Terms.md,Transport Service Application Terms.md,.md,terms/patterns,1043,2026-09-21 20:45:33
docs/terms/patterns/Transport Service Terms.md,Transport Service Terms.md,.md,terms/patterns,634,2026-09-21 20:45:33
docs/terms/patterns/Transport-related Sharing Terms.md,Transport-related Sharing Terms.md,.md,terms/patterns,751,2026-09-21 20:45:33
docs/terms/patterns/Traveller Terms.md,Traveller Terms.md,.md,terms/patterns,611,2026-09-21 20:45:33
docs/terms/patterns/Vehicle Attribute Terms.md,Vehicle Attribute Terms.md,.md,terms/patterns,1037,2026-09-21 20:45:33
docs/terms/patterns/Vehicle Automation Terms.md,Vehicle Automation Terms.md,.md,terms/patterns,1482,2026-09-21 20:45:33
docs/terms/patterns/Vehicle Component Terms.md,Vehicle Component Terms.md,.md,terms/patterns,815,2026-09-21 20:45:33
docs/terms/patterns/Vehicle Connectivity Terms.md,Vehicle Connectivity Terms.md,.md,terms/patterns,595,2026-09-21 20:45:33
docs/terms/patterns/Vehicle Occupant Terms.md,Vehicle Occupant Terms.md,.md,terms/patterns,634,2026-09-21 20:45:33
docs/terms/patterns/Vehicle Physical Object Terms.md,Vehicle Physical Object Terms.md,.md,terms/patterns,562,2026-09-21 20:45:33
docs/terms/patterns/Vehicle Speed Terms.md,Vehicle Speed Terms.md,.md,terms/patterns,1229,2026-09-21 20:45:33
docs/terms/patterns/Vehicle Types Environment Terms.md,Vehicle Types Environment Terms.md,.md,terms/patterns,752,2026-09-21 20:45:33
docs/terms/payment administration central system.md,payment administration central system.md,.md,terms,1158,2026-09-21 20:46:06
docs/terms/payment means.md,payment means.md,.md,terms,945,2026-09-21 20:46:06
docs/terms/payment mode.md,payment mode.md,.md,terms,969,2026-09-21 20:46:06
docs/terms/pedestrian crossing.md,pedestrian crossing.md,.md,terms,1333,2026-09-21 20:46:06
docs/terms/pedestrian.md,pedestrian.md,.md,terms,745,2026-09-21 20:46:06
docs/terms/peer-to-peer.md,peer-to-peer.md,.md,terms,1026,2026-09-21 20:46:06
docs/terms/person.md,person.md,.md,terms,728,2026-09-21 20:46:06
docs/terms/personal information device.md,personal information device.md,.md,terms,1380,2026-09-21 20:46:07
docs/terms/personal system.md,personal system.md,.md,terms,1927,2026-09-21 20:46:07
docs/terms/physical object.md,physical object.md,.md,terms,6883,2026-09-21 20:46:07
docs/terms/physical traffic separator.md,physical traffic separator.md,.md,terms,2433,2026-09-21 20:46:07
docs/terms/physical view.md,physical view.md,.md,terms,1249,2026-09-21 20:46:07
docs/terms/physical viewpoint.md,physical viewpoint.md,.md,terms,1053,2026-09-21 20:46:07
docs/terms/pick-updrop-off area.md,pick-updrop-off area.md,.md,terms,1397,2026-09-21 20:46:07
docs/terms/planning architecture.md,planning architecture.md,.md,terms,1471,2026-09-21 20:46:07
docs/terms/point coordinates.md,point coordinates.md,.md,terms,921,2026-09-21 20:46:08
docs/terms/point destination.md,point destination.md,.md,terms,855,2026-09-21 20:46:08
docs/terms/point location.md,point location.md,.md,terms,1171,2026-09-21 20:46:08
docs/terms/pre-coded spatial reference.md,pre-coded spatial reference.md,.md,terms,1396,2026-09-21 20:46:08
docs/terms/private customer model.md,private customer model.md,.md,terms,921,2026-09-21 20:46:08
docs/terms/private.md,private.md,.md,terms,893,2026-09-21 20:46:08
docs/terms/process specification.md,process specification.md,.md,terms,798,2026-09-21 20:46:09
docs/terms/process.md,process.md,.md,terms,879,2026-09-21 20:46:08
docs/terms/protected road user.md,protected road user.md,.md,terms,981,2026-09-21 20:46:09
docs/terms/public information device.md,public information device.md,.md,terms,1064,2026-09-21 20:46:09
docs/terms/public transport app.md,public transport app.md,.md,terms,1180,2026-09-21 20:46:09
docs/terms/public transport central management system.md,public transport central management system.md,.md,terms,1176,2026-09-21 20:46:09
docs/terms/public transport vehicle stop.md,public transport vehicle stop.md,.md,terms,1211,2026-09-21 20:46:10
docs/terms/public transport.md,public transport.md,.md,terms,1543,2026-09-21 20:46:09
docs/terms/public.md,public.md,.md,terms,1357,2026-09-21 20:46:09
docs/terms/real-time traveller information app.md,real-time traveller information app.md,.md,terms,1103,2026-09-21 20:46:10
docs/terms/realization.md,realization.md,.md,terms,870,2026-09-21 20:46:10
docs/terms/reference architecture.md,reference architecture.md,.md,terms,1578,2026-09-21 20:46:10
docs/terms/relationship.md,relationship.md,.md,terms,1348,2026-09-21 20:46:10
docs/terms/remote driver.md,remote driver.md,.md,terms,1137,2026-09-21 20:46:10
docs/terms/remote vehicle input device.md,remote vehicle input device.md,.md,terms,1111,2026-09-21 20:46:10
docs/terms/requirement.md,requirement.md,.md,terms,787,2026-09-21 20:46:10
docs/terms/requirements specification.md,requirements specification.md,.md,terms,1026,2026-09-21 20:46:11
docs/terms/reserved lane.md,reserved lane.md,.md,terms,1075,2026-09-21 20:46:11
docs/terms/resilience.md,resilience.md,.md,terms,807,2026-09-21 20:46:11
docs/terms/resource.md,resource.md,.md,terms,7151,2026-09-21 20:46:11
docs/terms/rideshare service.md,rideshare service.md,.md,terms,1093,2026-09-21 20:46:11
docs/terms/ridesourced service.md,ridesourced service.md,.md,terms,1358,2026-09-21 20:46:11
docs/terms/ridesourcing app.md,ridesourcing app.md,.md,terms,929,2026-09-21 20:46:11
docs/terms/ridesplit service.md,ridesplit service.md,.md,terms,965,2026-09-21 20:46:11
docs/terms/risk.md,risk.md,.md,terms,660,2026-09-21 20:46:12
docs/terms/road cycle.md,road cycle.md,.md,terms,982,2026-09-21 20:46:12
docs/terms/road equipment.md,road equipment.md,.md,terms,1538,2026-09-21 20:46:12
docs/terms/road identifier.md,road identifier.md,.md,terms,1335,2026-09-21 20:46:12
docs/terms/road link.md,road link.md,.md,terms,1176,2026-09-21 20:46:12
docs/terms/road model.md,road model.md,.md,terms,1211,2026-09-21 20:46:12
docs/terms/road network.md,road network.md,.md,terms,789,2026-09-21 20:46:13
docs/terms/road reservation.md,road reservation.md,.md,terms,1421,2026-09-21 20:46:13
docs/terms/road section.md,road section.md,.md,terms,1222,2026-09-21 20:46:13
docs/terms/road segment.md,road segment.md,.md,terms,1222,2026-09-21 20:46:13
docs/terms/road user.md,road user.md,.md,terms,1351,2026-09-21 20:46:13
docs/terms/road vehicle.md,road vehicle.md,.md,terms,1669,2026-09-21 20:46:13
docs/terms/road.md,road.md,.md,terms,2029,2026-09-21 20:46:12
docs/terms/roadside unit.md,roadside unit.md,.md,terms,1241,2026-09-21 20:46:13
docs/terms/roadside.md,roadside.md,.md,terms,1001,2026-09-21 20:46:13
docs/terms/roadway.md,roadway.md,.md,terms,2542,2026-09-21 20:46:14
docs/terms/role.md,role.md,.md,terms,635,2026-09-21 20:46:14
docs/terms/scenario.md,scenario.md,.md,terms,811,2026-09-21 20:46:14
docs/terms/security entity.md,security entity.md,.md,terms,1032,2026-09-21 20:46:14
docs/terms/sensor.md,sensor.md,.md,terms,870,2026-09-21 20:46:14
docs/terms/sequential.md,sequential.md,.md,terms,1004,2026-09-21 20:46:14
docs/terms/service alley.md,service alley.md,.md,terms,933,2026-09-21 20:46:15
docs/terms/service provider.md,service provider.md,.md,terms,1361,2026-09-21 20:46:15
docs/terms/service road.md,service road.md,.md,terms,876,2026-09-21 20:46:15
docs/terms/service.md,service.md,.md,terms,4533,2026-09-21 20:46:14
docs/terms/shared space.md,shared space.md,.md,terms,938,2026-09-21 20:46:15
docs/terms/shared transport service.md,shared transport service.md,.md,terms,3194,2026-09-21 20:46:15
docs/terms/shared vehicle service.md,shared vehicle service.md,.md,terms,1853,2026-09-21 20:46:15
docs/terms/shoulder.md,shoulder.md,.md,terms,1608,2026-09-21 20:46:15
docs/terms/shuttle service.md,shuttle service.md,.md,terms,1138,2026-09-21 20:46:16
docs/terms/sidewalk.md,sidewalk.md,.md,terms,1164,2026-09-21 20:46:16
docs/terms/single carriageway.md,single carriageway.md,.md,terms,1511,2026-09-21 20:46:16
docs/terms/soft shoulder.md,soft shoulder.md,.md,terms,1070,2026-09-21 20:46:16
docs/terms/spatial location.md,spatial location.md,.md,terms,2070,2026-09-21 20:46:16
docs/terms/spatial reference.md,spatial reference.md,.md,terms,2039,2026-09-21 20:46:16
docs/terms/speed.md,speed.md,.md,terms,2674,2026-09-21 20:46:16
docs/terms/stakeholder.md,stakeholder.md,.md,terms,930,2026-09-21 20:46:16
docs/terms/station-based one-way.md,station-based one-way.md,.md,terms,1045,2026-09-21 20:46:17
docs/terms/station-based roundtrip.md,station-based roundtrip.md,.md,terms,1056,2026-09-21 20:46:17
docs/terms/support system.md,support system.md,.md,terms,1605,2026-09-21 20:46:17
docs/terms/surface transport system.md,surface transport system.md,.md,terms,2339,2026-09-21 20:46:17
docs/terms/system.md,system.md,.md,terms,8013,2026-09-21 20:46:17
docs/terms/taxi hailing app.md,taxi hailing app.md,.md,terms,920,2026-09-21 20:46:17
docs/terms/taxi service.md,taxi service.md,.md,terms,1045,2026-09-21 20:46:17
docs/terms/taxi-share service.md,taxi-share service.md,.md,terms,1099,2026-09-21 20:46:17
docs/terms/terminator.md,terminator.md,.md,terms,1095,2026-09-21 20:46:18
docs/terms/threat.md,threat.md,.md,terms,718,2026-09-21 20:46:18
docs/terms/traffic control device.md,traffic control device.md,.md,terms,999,2026-09-21 20:46:18
docs/terms/traffic lane.md,traffic lane.md,.md,terms,1636,2026-09-21 20:46:18
docs/terms/traffic management central system.md,traffic management central system.md,.md,terms,1058,2026-09-21 20:46:18
docs/terms/traffic regulation central system.md,traffic regulation central system.md,.md,terms,1095,2026-09-21 20:46:18
docs/terms/transnet layer.md,transnet layer.md,.md,terms,1235,2026-09-21 20:46:18
docs/terms/transparency.md,transparency.md,.md,terms,730,2026-09-21 20:46:19
docs/terms/transport facility.md,transport facility.md,.md,terms,1139,2026-09-21 20:46:19
docs/terms/transport information central system.md,transport information central system.md,.md,terms,1073,2026-09-21 20:46:19
docs/terms/transport infrastructure.md,transport infrastructure.md,.md,terms,1104,2026-09-21 20:46:19
docs/terms/transport provider.md,transport provider.md,.md,terms,1009,2026-09-21 20:46:19
docs/terms/transport service.md,transport service.md,.md,terms,3941,2026-09-21 20:46:19
docs/terms/transport sharing.md,transport sharing.md,.md,terms,877,2026-09-21 20:46:19
docs/terms/transport system.md,transport system.md,.md,terms,1368,2026-09-21 20:46:19
docs/terms/transport user need.md,transport user need.md,.md,terms,1106,2026-09-21 20:46:20
docs/terms/transport user.md,transport user.md,.md,terms,997,2026-09-21 20:46:20
docs/terms/travelled way.md,travelled way.md,.md,terms,1542,2026-09-21 20:46:20
docs/terms/traveller.md,traveller.md,.md,terms,1070,2026-09-21 20:46:20
docs/terms/trip aggregator app.md,trip aggregator app.md,.md,terms,1119,2026-09-21 20:46:20
docs/terms/trustworthiness.md,trustworthiness.md,.md,terms,746,2026-09-21 20:46:20
docs/terms/ultra-low vehicle speed.md,ultra-low vehicle speed.md,.md,terms,1086,2026-09-21 20:46:20
docs/terms/ultra-low-speed vehicle.md,ultra-low-speed vehicle.md,.md,terms,1135,2026-09-21 20:46:21
docs/terms/unconnected.md,unconnected.md,.md,terms,999,2026-09-21 20:46:21
docs/terms/unequipped.md,unequipped.md,.md,terms,976,2026-09-21 20:46:21
docs/terms/usable width.md,usable width.md,.md,terms,850,2026-09-21 20:46:21
docs/terms/use case.md,use case.md,.md,terms,910,2026-09-21 20:46:21
docs/terms/user need.md,user need.md,.md,terms,1586,2026-09-21 20:46:21
docs/terms/user.md,user.md,.md,terms,1783,2026-09-21 20:46:21
docs/terms/value domain.md,value domain.md,.md,terms,903,2026-09-21 20:46:21
docs/terms/vehicle equipment.md,vehicle equipment.md,.md,terms,848,2026-09-21 20:46:22
docs/terms/vehicle fuel type.md,vehicle fuel type.md,.md,terms,828,2026-09-21 20:46:22
docs/terms/vehicle identifier.md,vehicle identifier.md,.md,terms,994,2026-09-21 20:46:22
docs/terms/vehicle input device.md,vehicle input device.md,.md,terms,2075,2026-09-21 20:46:22
docs/terms/vehicle load type.md,vehicle load type.md,.md,terms,834,2026-09-21 20:46:22
docs/terms/vehicle occupant.md,vehicle occupant.md,.md,terms,948,2026-09-21 20:46:22
docs/terms/vehicle registration plate identifier.md,vehicle registration plate identifier.md,.md,terms,1202,2026-09-21 20:46:23
docs/terms/vehicle sharing.md,vehicle sharing.md,.md,terms,1077,2026-09-21 20:46:23
docs/terms/vehicle system.md,vehicle system.md,.md,terms,1166,2026-09-21 20:46:23
docs/terms/vehicle.md,vehicle.md,.md,terms,5916,2026-09-21 20:46:22
docs/terms/verge.md,verge.md,.md,terms,987,2026-09-21 20:46:23
docs/terms/vulnerability.md,vulnerability.md,.md,terms,784,2026-09-21 20:46:23
docs/terms/vulnerable road user.md,vulnerable road user.md,.md,terms,1059,2026-09-21 20:46:23
docs/terms/wheel.md,wheel.md,.md,terms,919,2026-09-21 20:46:23
docs/terms-group.ttl,terms-group.ttl,.ttl,.,894,2026-07-01 19:52:47
docs/timeTerms-pattern.ttl,timeTerms-pattern.ttl,.ttl,.,1502,2026-07-01 19:52:47
docs/top-levelPhysicalObjectTerms-pattern.ttl,top-levelPhysicalObjectTerms-pattern.ttl,.ttl,.,3481,2026-07-01 19:52:47
docs/transport-relatedSharingTerms-pattern.ttl,transport-relatedSharingTerms-pattern.ttl,.ttl,.,5202,2026-07-10 13:44:58
docs/transportServiceApplicationTerms-pattern.ttl,transportServiceApplicationTerms-pattern.ttl,.ttl,.,4490,2026-07-10 14:55:18
docs/transportServiceTerms-pattern.ttl,transportServiceTerms-pattern.ttl,.ttl,.,3370,2026-07-01 19:52:47
docs/travellerTerms-pattern.ttl,travellerTerms-pattern.ttl,.ttl,.,2834,2026-07-10 14:56:59
docs/userTerms-group.ttl,userTerms-group.ttl,.ttl,.,700,2026-07-01 19:52:47
docs/vehicleAttributeTerms-pattern.ttl,vehicleAttributeTerms-pattern.ttl,.ttl,.,7248,2026-07-01 19:52:47
docs/vehicleAutomationTerms-pattern.ttl,vehicleAutomationTerms-pattern.ttl,.ttl,.,17720,2026-07-01 19:52:47
docs/vehicleComponentTerms-pattern.ttl,vehicleComponentTerms-pattern.ttl,.ttl,.,5756,2026-07-10 13:39:07
docs/vehicleConnectivityTerms-pattern.ttl,vehicleConnectivityTerms-pattern.ttl,.ttl,.,2781,2026-07-01 19:52:47
docs/vehicleOccupantTerms-pattern.ttl,vehicleOccupantTerms-pattern.ttl,.ttl,.,3944,2026-07-22 14:30:57
docs/vehiclePhysicalObjectTerms-pattern.ttl,vehiclePhysicalObjectTerms-pattern.ttl,.ttl,.,2228,2026-07-22 14:39:35
docs/vehicleSpeedTerms-pattern.ttl,vehicleSpeedTerms-pattern.ttl,.ttl,.,6583,2026-07-01 19:52:47
docs/vehicleTerms-group.ttl,vehicleTerms-group.ttl,.ttl,.,905,2026-07-01 19:52:47
docs/vehicleTypesEnvironmentTerms-pattern.ttl,vehicleTypesEnvironmentTerms-pattern.ttl,.ttl,.,3354,2026-07-01 19:52:47
